SKU,Localized For,Title,Product Description,Condition,List Price,Picture URL 1,Picture URL 2,Picture URL 3,Picture URL 4,Picture URL 5,Picture URL 6,Picture URL 7,Picture URL 8,Picture URL 9,Picture URL 10,Attribute Name 1,Attribute Value 1,Attribute Name 2,Attribute Value 2,Attribute Name 3,Attribute Value 3,Attribute Name 4,Attribute Value 4,Attribute Name 5,Attribute Value 5,Attribute Name 6,Attribute Value 6,Attribute Name 7,Attribute Value 7,Attribute Name 8,Attribute Value 8,Attribute Name 9,Attribute Value 9,Attribute Name 10,Attribute Value 10,Attribute Name 11,Attribute Value 11,Attribute Name 12,Attribute Value 12,Attribute Name 13,Attribute Value 13,Attribute Name 14,Attribute Value 14,Attribute Name 15,Attribute Value 15,Attribute Name 16,Attribute Value 16,Attribute Name 17,Attribute Value 17,Attribute Name 18,Attribute Value 18,Attribute Name 19,Attribute Value 19
216407928,en_US,Складной нож BUCK 0286CMS18 Bantam BHW Realtree Xtra Camo,"",NEW,3400.0,https://static-ru.insales.ru/images/products/1/6714/377322042/cbb776a1decdf2742cdc406d43358c97-700x700.jpg,https://static-ru.insales.ru/images/products/1/6719/377322047/99fdf3cbd8b71b7c56cb3eeb15ff06c9-700x700.jpg,"","","","","","","","",Производитель,Buck,Длина клинка,92 мм,Материал рукояти,Нейлон,Общая длина,227 мм,Толщина клинка,"3,0 мм",Обработка клинка,Satin finish,Фиксатор клинка,замок Back-Lock,,,,,,,,,,,,,,,,,,,,,,,,
216407636,en_US,Нож KERSHAW Swerve 3850,"",NEW,3310.0,https://static-ru.insales.ru/images/products/1/6144/377321472/35b501afe90e4df6850729e23588dbe8-700x700.jpg,https://static-ru.insales.ru/images/products/1/6147/377321475/8bf762c20c8f50b1244609a26124b4ef-700x700.jpg,https://static-ru.insales.ru/images/products/1/6152/377321480/176421e08c53d8745544cd654e2bfc3e-700x700.jpg,"","","","","","","",Производитель,Kershaw,Твердость стали по HRC,57-58,Твёрдость,57-58,,,,,,,,,,,,,,,,,,,,,,,,,,,,,,,,
216407856,en_US,"Складной нож BUCK 0112BLS2 112 Slim Select Blue, синяя рукоять","",NEW,3000.0,https://static-ru.insales.ru/images/products/1/6564/377321892/c476bd79a520792b49d000e730927bdf-700x700.jpg,https://static-ru.insales.ru/images/products/1/6568/377321896/91fce2d615d6e81dd2be49e800e3fb51-700x700.jpg,"","","","","","","","",Производитель,Buck,Длина клинка,76 мм,Материал рукояти,Нейлон,Общая длина,184 мм,Толщина клинка,"3,0 мм",Обработка клинка,Stonewash,Фиксатор клинка,замок Back-Lock,,,,,,,,,,,,,,,,,,,,,,,,
216407361,en_US,"Складной нож Cold Steel 20NPG Finn Wolf Blue, синий","",NEW,4680.0,https://static-ru.insales.ru/images/products/1/5543/377320871/87c7d4e149220f844cb2e5b05fe2a64c-700x700.jpg,https://static-ru.insales.ru/images/products/1/5549/377320877/6c3ca79f3224bd168c41052a3260c69a-700x700.jpg,"","","","","","","","",Производитель,Cold Steel,Длина клинка,89 мм,Материал рукояти,Griv-Ex,Общая длина,200 мм,Толщина клинка,"3,0 мм",Обработка клинка,Satin finish,Фиксатор клинка,замок Tri-Ad-Lock,,,,,,,,,,,,,,,,,,,,,,,,
216407420,en_US,"Раскладной нож SOG, SOGAC77 Access Card Black Tini",<p><span>Сталь - VG-10.Замок Arc-Lock.<br />Рукоятка - покрытие нитрид-титана<br />Производство США.<br />Длина лезвия - 7 см.</span></p>,NEW,5100.0,https://static-ru.insales.ru/images/products/1/5661/377320989/18675b92c7b54245507fdcba5267966d-700x700.jpg,https://static-ru.insales.ru/images/products/1/5667/377320995/3f7c75c4ae971fcf4e4793188c6fe1ac-700x700.jpg,https://static-ru.insales.ru/images/products/1/5674/377321002/dc39e80af9c7a2592232a75121709b6f-700x700.jpg,https://static-ru.insales.ru/images/products/1/5677/377321005/b694cde9066a642d2885c53732a47491-700x700.jpg,"","","","","","",Производитель,SOG,Твердость стали по HRC,59-60,,,,,,,,,,,,,,,,,,,,,,,,,,,,,,,,,,
216407555,en_US,Складной нож Victorinox 0.3803 Sportsman,"",NEW,1970.0,https://static-ru.insales.ru/images/products/1/5972/377321300/viktorinox-700x700.jpg,"","","","","","","","","",Производитель,Victorinox,Длина в закрытом состоянии,84 мм,Цвет,красный,,,,,,,,,,,,,,,,,,,,,,,,,,,,,,,,
216407531,en_US,Складной нож CRKT Columbia River K500GXP Helical,"",NEW,5630.0,https://static-ru.insales.ru/images/products/1/5924/377321252/30ea122e10535621bed13e0319652534-700x700.jpg,https://static-ru.insales.ru/images/products/1/5930/377321258/c6f1b5be95b123e7afa6900be4aea6db-700x700.jpg,https://static-ru.insales.ru/images/products/1/5935/377321263/f17d96b3a3775f3a097bb0bd7fac4906-700x700.jpg,"","","","","","","",Производитель,CRKT,Длина клинка,90 мм,Материал рукояти,Алюминий 6061,Общая длина,206 мм,Толщина клинка,"3,3 мм",Обработка клинка,Satin finish,Фиксатор клинка,замок Liner-Lock,,,,,,,,,,,,,,,,,,,,,,,,
216407243,en_US,"Складной нож Ловкий, х12мф, граб","",NEW,3400.0,https://static-ru.insales.ru/images/products/1/5277/377320605/skladnoy_nozh_lovkiy_h12mf_grab-700x700.JPG,https://static-ru.insales.ru/images/products/1/5283/377320611/skladnoy_nozh_lovkiy_h12mf_grab2-700x700.JPG,https://static-ru.insales.ru/images/products/1/5287/377320615/skladnoy_nozh_lovkiy_h12mf_grab1-700x700.JPG,https://static-ru.insales.ru/images/products/1/5291/377320619/skladnoy_nozh_lovkiy_h12mf_grab3-700x700.JPG,"","","","","","",Производитель,Ножи Марычева,Артикул Поставщика,"Ловкий, х12мф, граб",Твердость стали по HRC,60,Длина рукояти,120-125,Длина клинка,95±3,Марка стали,Х12МФ,Материал рукояти,граб,Общая длина,210±3,Толщина клинка,"2,4",Чехол,натуральная кожа,Фиксатор клинка,Liner Lock,Ширина,22-28,,,,,,,,,,,,,,
216407475,en_US,Складной нож Cold Steel 20MWC Crawford Model 1,"",NEW,4610.0,https://static-ru.insales.ru/images/products/1/5791/377321119/80536f140407c06c227129f7f193b811-700x700.jpg,https://static-ru.insales.ru/images/products/1/5794/377321122/eb58a3679ab8020def1a9701001570b0-700x700.jpg,"","","","","","","","",Производитель,Cold Steel,Длина клинка,89 мм,Материал рукояти,Zy-Ex,Общая длина,213 мм,Толщина клинка,"3,3 мм",Обработка клинка,Satin finish,Фиксатор клинка,замок Liner-Lock,,,,,,,,,,,,,,,,,,,,,,,,
216407335,en_US,Складной нож CRKT Columbia River K340KXP Bombastic,"",NEW,6000.0,https://static-ru.insales.ru/images/products/1/5488/377320816/0dd12701a0ce1c05d1095f3eaf4dba58-700x700.jpg,https://static-ru.insales.ru/images/products/1/5493/377320821/7d43efbb6245ae1a246099e3709e7166-700x700.jpg,https://static-ru.insales.ru/images/products/1/5499/377320827/befa17eaf2ea3deaed86422f4bff98f3-700x700.jpg,"","","","","","","",Производитель,CRKT,Длина клинка,84 мм,Материал рукояти,"Нержавеющая сталь 2Cr13, ней",Общая длина,202 мм,Толщина клинка,"3,1 мм",Обработка клинка,Satin finish,Фиксатор клинка,замок Frame-Lock,,,,,,,,,,,,,,,,,,,,,,,,
216407565,en_US,Складной нож Boker Plus 01BO894 Takara CF,"",NEW,9080.0,https://static-ru.insales.ru/images/products/1/5996/377321324/8fc8fd82b04232b53c05734f9304ea2c-700x700.jpg,https://static-ru.insales.ru/images/products/1/5999/377321327/dd36c06ae5c3c83f49dba495936bc558-700x700.jpg,"","","","","","","","",Производитель,Boker,Длина клинка,80 мм,Материал рукояти,Карбон,Общая длина,180 мм,Толщина клинка,"2,8 мм",Обработка клинка,Satin finish,Фиксатор клинка,замок Liner-Lock,,,,,,,,,,,,,,,,,,,,,,,,
216407621,en_US,Складной нож Cold Steel 26WD Air Lite Drop Point,"",NEW,7370.0,https://static-ru.insales.ru/images/products/1/6117/377321445/357c462b9935d0d499b75fd768076569-700x700.jpg,https://static-ru.insales.ru/images/products/1/6123/377321451/187f7d40224a903b520b20448370d5af-700x700.jpg,"","","","","","","","",Производитель,Cold Steel,Длина клинка,89 мм,Материал рукояти,Чёрный G10,Общая длина,203 мм,Толщина клинка,"3,0 мм",Обработка клинка,Satin finish,Фиксатор клинка,замок Tri-Ad-Lock,,,,,,,,,,,,,,,,,,,,,,,,
216407840,en_US,Нож складной Солдатский Victorinox 0.9415.20 Hunter Pro Alox,"",NEW,9920.0,https://static-ru.insales.ru/images/products/1/6534/377321862/1f56392a6e729088596f86c505509e18-700x700.jpg,https://static-ru.insales.ru/images/products/1/6540/377321868/4658fac8b670a13283bb69f0747250f0-700x700.jpg,"","","","","","","","",Производитель,Victorinox,Длина клинка,97 мм,Материал рукояти,Алюминий,Общая длина,234 мм,Толщина клинка,"2,2 мм",Вес,186 гр,Фиксатор клинка,замок Back-Lock,,,,,,,,,,,,,,,,,,,,,,,,
216407889,en_US,"Складной нож BUCK 0112BRS6 112 Slim Pro Brown Micarta S30V, коричневая рукоять","",NEW,7900.0,https://static-ru.insales.ru/images/products/1/6626/377321954/149300c986cecfc82d3d239b2eea6874-700x700.jpg,https://static-ru.insales.ru/images/products/1/6635/377321963/21f714a3c1653b54d615c335f8552638-700x700.jpg,"","","","","","","","",Производитель,Buck,Длина клинка,76 мм,Материал рукояти,Микарта,Общая длина,184 мм,Толщина клинка,"3,0 мм",Обработка клинка,Satin finish,Фиксатор клинка,замок Back-Lock,,,,,,,,,,,,,,,,,,,,,,,,
216407925,en_US,Складной нож Boker 01bo293 Kwaiken Flipper Tactical,"<font>Производитель: Boker ГерманияСтрана изготовитель: Тайвань<br>Общая длина: 21,3 см.<br>Длина лезвия: 9,0 см.<br>Вес: 118 гр.<br>Толщина лезвия: 3,2 мм.<br>Материал лезвия: VG-10<br>Материал рукояти: G-10<br>Дизайнер: Lucas Burnley<br>Тип замка: Liner Lock<br></font><br>",NEW,10700.0,https://static-ru.insales.ru/images/products/1/6702/377322030/8d382681b7666e25a5893e0f48bef6f8-700x700.jpg,https://static-ru.insales.ru/images/products/1/6710/377322038/26a60d012f9e066d421a680c9a7aa560-700x700.jpg,"","","","","","","","",Производитель,Boker,Длина клинка,90 мм,Материал рукояти,Чёрный G10,Общая длина,213 мм,Толщина клинка,"3,2 мм",Фирма производитель,Boker Plus,Вес,118 гр,Обработка клинка,Black finish,Фиксатор клинка,замок Liner-Lock,Дизайн,Lucas Burnley,,,,,,,,,,,,,,,,,,
216407770,en_US,Автоматический нож с боковым выбросом Pro-Tech GODSON 706C Cocobolo,"<p><span style=""font-size: 12pt;"">Общая длина (мм): 195</span><br /><span style=""font-size: 12pt;"">Длина клинка (мм): 81</span><br /><span style=""font-size: 12pt;"">Толщина обуха (мм): 2,7</span><br /><span style=""font-size: 12pt;"">Марка стали: 154CM</span><br /><span style=""font-size: 12pt;"">Тип обработки клинка: Satin</span><br /><span style=""font-size: 12pt;"">Длина рукояти (мм): 114</span><br /><span style=""font-size: 12pt;"">Материал рукояти: Алюминий/Кость</span><br /><span style=""font-size: 12pt;"">Тип замка: Button-Lock</span><br /><span style=""font-size: 12pt;"">Вес (гр): 90</span><br /><span style=""font-size: 12pt;"">Материал клипсы: Сталь</span><br /><span style=""font-size: 12pt;"">Компания производитель: Pro-Tech Knives (USA)</span><br /><span style=""font-size: 12pt;"">Страна изготовитель: США</span></p>",NEW,28120.0,https://static-ru.insales.ru/images/products/1/6405/377321733/f225ca6bd7ee36b2a8b1f33feb377509-700x700.jpg,"","","","","","","","","",Производитель,Pro-Tech,,,,,,,,,,,,,,,,,,,,,,,,,,,,,,,,,,,,
216407803,en_US,Складной нож CRKT Columbia River R2302 Hollow-Point,"",NEW,3750.0,https://static-ru.insales.ru/images/products/1/6471/377321799/15cf1d51ca7b09e5ba147b4e06ac9261-700x700.jpg,https://static-ru.insales.ru/images/products/1/6472/377321800/6b31efe2ec70323474484a1b7749c840-700x700.jpg,https://static-ru.insales.ru/images/products/1/6478/377321806/1d0a96761d7c5a60857cd2203fc65e88-700x700.jpg,"","","","","","","",Производитель,CRKT,Длина клинка,80 мм,Материал рукояти,"Glass Reinforced Nylon, стал",Общая длина,190 мм,Толщина клинка,"3,2 мм",Обработка клинка,Satin finish,Фиксатор клинка,замок Frame-Lock,,,,,,,,,,,,,,,,,,,,,,,,
216407932,en_US,"Складной нож CRKT Columbia River R2802 Trajectory, полуавтомат","",NEW,3000.0,https://static-ru.insales.ru/images/products/1/6725/377322053/55052953715ef35ab876880537161476-700x700.jpg,https://static-ru.insales.ru/images/products/1/6729/377322057/2ac30bc5485e9398560caa107ffe52e7-700x700.jpg,"","","","","","","","",Производитель,CRKT,Длина клинка,82 мм,Материал рукояти,Сталь 2Cr13,Общая длина,176 мм,Толщина клинка,"2,7 мм",Обработка клинка,Satin finish,Фиксатор клинка,замок Frame-Lock,,,,,,,,,,,,,,,,,,,,,,,,
216407325,en_US,Раскладной нож Boker 01bo262 Ridge,"<p><span>Производитель: Boker ГерманияСтрана изготовитель: Китай<br />Общая длина: 20,4 см.<br />Длина клинка: 8,8 см.<br />Вес: 112 гр.<br />Толщина клинка: 4 мм.<br />Материал клинка: сталь D2<br />Материал рукояти: G-10<br />Система и способ открытия: ручная за флиппер<br />Тип замка:FrameLock</span></p>",NEW,7620.0,https://static-ru.insales.ru/images/products/1/5466/377320794/1831b5fd13f258b7ebce0b598ce3a211-700x700.jpg,https://static-ru.insales.ru/images/products/1/5484/377320812/7b3bb200fe6bf450e7e00e557249dcc9-700x700.jpg,https://static-ru.insales.ru/images/products/1/5487/377320815/c2c802ba39eaa40a4ccb87f1946920cb-700x700.jpg,"","","","","","","",Производитель,Boker,Длина клинка,88 мм,Материал рукояти,"Чёрный G10, нержавеющая сталь",Общая длина,204 мм,Толщина клинка,"4,0 мм",Фирма производитель,Boker Plus,Вес,112 гр,Обработка клинка,Stonewash,Фиксатор клинка,замок Frame-Lock,,,,,,,,,,,,,,,,,,,,
216407745,en_US,"Перочинный нож Солдатский Victorinox 0.8463 Trailmaster, красный","",NEW,4500.0,https://static-ru.insales.ru/images/products/1/6348/377321676/4f0145c0546d787e0d0556ab2d4b3da7-700x700.jpg,"","","","","","","","","",Производитель,Victorinox,Длина в закрытом состоянии,111 мм,Цвет,красный,,,,,,,,,,,,,,,,,,,,,,,,,,,,,,,,
216407827,en_US,Складной нож CRKT Columbia River R2401 Windage,"",NEW,4350.0,https://static-ru.insales.ru/images/products/1/6506/377321834/4c87409cd14fbb7fe16f6bce0568c112-700x700.jpg,https://static-ru.insales.ru/images/products/1/6510/377321838/7d788b2dd829d3a0d9fa083d6b63225f-700x700.jpg,https://static-ru.insales.ru/images/products/1/6515/377321843/67851af5ede369bc67a61a92ae27f9ff-700x700.jpg,"","","","","","","",Производитель,CRKT,Длина клинка,96 мм,Материал рукояти,Алюминий 6061,Общая длина,224 мм,Толщина клинка,"3,6 мм",Обработка клинка,Stonewash,Фиксатор клинка,замок Liner-Lock,,,,,,,,,,,,,,,,,,,,,,,,
216407778,en_US,"Складной нож CRKT Columbia River R1205 Crack-Shot, полуавтомат","",NEW,3150.0,https://static-ru.insales.ru/images/products/1/6421/377321749/4b6a9e6336fdd889c60a9755c04c479f-700x700.jpg,https://static-ru.insales.ru/images/products/1/6424/377321752/427f633080be1b4a5445ea40441f2ac0-700x700.jpg,https://static-ru.insales.ru/images/products/1/6428/377321756/3c44c7dac055f64c0c18320503f8ed0b-700x700.jpg,"","","","","","","",Производитель,CRKT,Длина клинка,79 мм,Материал рукояти,Glass Reinforced Nylon,Общая длина,186 мм,Толщина клинка,"2,7 мм",Обработка клинка,Stonewash,Фиксатор клинка,замок Liner-Lock,,,,,,,,,,,,,,,,,,,,,,,,
216407874,en_US,"Нож складной садовый Victorinox 3.9050.47B1 Floral, салатовый","",NEW,1470.0,https://static-ru.insales.ru/images/products/1/6604/377321932/0965ebe426bc0994cc02b3478d27815f-700x700.jpg,"","","","","","","","","",Производитель,Victorinox,Длина клинка,55 мм,Материал рукояти,Полиамид (PA),Общая длина,155 мм,Толщина клинка,"2,0 мм",Обработка клинка,Полировка,Фиксатор клинка,замок Slip-Joint,,,,,,,,,,,,,,,,,,,,,,,,
216407914,en_US,"Складной нож BUCK 0112RDS2 112 Slim Select Red, красная рукоять","",NEW,3000.0,https://static-ru.insales.ru/images/products/1/6679/377322007/3386347823d7748f9b7218236712a1d4-700x700.jpg,https://static-ru.insales.ru/images/products/1/6685/377322013/a909ed28f6a6cd54f06e14d059464a8c-700x700.jpg,"","","","","","","","",Производитель,Buck,Длина клинка,76 мм,Материал рукояти,Нейлон,Общая длина,184 мм,Толщина клинка,"3,0 мм",Обработка клинка,Stonewash,Фиксатор клинка,замок Back-Lock,,,,,,,,,,,,,,,,,,,,,,,,
216407466,en_US,"Туристический складной SOG, FF-30 Fielder","<p><span style=""font-size: 12pt;"">Общая длина (мм): 198</span><br /><span style=""font-size: 12pt;"">Длина клинка (мм): 84</span><br /><span style=""font-size: 12pt;"">Толщина обуха (мм): 2,2</span><br /><span style=""font-size: 12pt;"">Марка стали: 7Cr13</span><br /><span style=""font-size: 12pt;"">Тип обработки клинка: Satin finish</span><br /><span style=""font-size: 12pt;"">Длина рукояти (мм): 104</span><br /><span style=""font-size: 12pt;"">Материал рукояти: Дерево</span><br /><span style=""font-size: 12pt;"">Тип замка: Liner-Lock</span><br /><span style=""font-size: 12pt;"">Вес (гр): 125</span><br /><span style=""font-size: 12pt;"">Материал клипсы: Сталь</span><br /><span style=""font-size: 12pt;"">Компания производитель: SOG Specialty Knives&amp;Tools (USA)</span><br /><span style=""font-size: 12pt;"">Страна изготовитель: Китай</span></p>",NEW,1650.0,https://static-ru.insales.ru/images/products/1/5777/377321105/ab57a9c681805d7aafaf875fb95fcf96-700x700.jpg,https://static-ru.insales.ru/images/products/1/5780/377321108/5b4ab7d8a02e05d8f0aa7f08337ded43-700x700.jpg,https://static-ru.insales.ru/images/products/1/5785/377321113/38d96b88acabaf3a572b9847408a60e8-700x700.jpg,"","","","","","","",Производитель,SOG,Твердость стали по HRC,59,Твёрдость,59,,,,,,,,,,,,,,,,,,,,,,,,,,,,,,,,
216407433,en_US,Складной нож CRKT Columbia River M16-03S Classic,"",NEW,7500.0,https://static-ru.insales.ru/images/products/1/5702/377321030/10bdb951e54b397b9f8d37351334dacc-700x700.jpg,https://static-ru.insales.ru/images/products/1/5708/377321036/53c1d1c035772753986c36483cb0bfb0-700x700.jpg,"","","","","","","","",Производитель,CRKT,Длина клинка,88 мм,Материал рукояти,Алюминий 6061,Общая длина,210 мм,Толщина клинка,"3,1 мм",Обработка клинка,Bead Blast,Фиксатор клинка,замок Liner-Lock,,,,,,,,,,,,,,,,,,,,,,,,
216407457,en_US,Полуавтоматический нож Benchmade модель 477-1 Osborne,"",NEW,21920.0,https://static-ru.insales.ru/images/products/1/5766/377321094/575fe6a880538f92a2a3fb4b9503181c-700x700.jpg,https://static-ru.insales.ru/images/products/1/5770/377321098/950dfab436202ffd37c1fd138c9749fa-700x700.jpg,"","","","","","","","",Твердость стали по HRC,58-60,Длина клинка,88 мм,Марка стали,CPM-S30V,Материал рукояти,Алюминий,Общая длина,203 мм,Толщина клинка,"2,5 мм",Длина в закрытом состоянии,116 мм,Фирма производитель,Benchmade,Страна,США,Вес,112 гр,Обработка клинка,Satin finish,Фиксатор клинка,замок Axis-Lock (Аксис-Лок),Дизайн,Warren Osborne (Уоррен Осборн),Твёрдость,58-60 HRC,,,,,,,,,,
216407724,en_US,Раскладной нож Boker 01BO321 Savior 2,"<p><span>Производитель: Boker ГерманияСтрана изготовитель: Китай<br />Общая длина: 21,1 см.<br />Длина лезвия: 8,5 см.<br />Вес: 159 гр.<br />Материал лезвия: 12C27<br />Материал рукояти: GFK стекловолокно/резина<br /></span><span>Особенность: комбинированная заточка прямая/серрейторная, стропорез, стеклобой</span></p>",NEW,4080.0,https://static-ru.insales.ru/images/products/1/6331/377321659/e3084bfc78ef56d73eee8fd4c0c0f574-700x700.jpg,https://static-ru.insales.ru/images/products/1/6337/377321665/20e7f6ca75f6d01c2abda161195e2a14-700x700.jpg,https://static-ru.insales.ru/images/products/1/6343/377321671/5024f5676570bbcb2570db06a5da8daa-700x700.jpg,"","","","","","","",Производитель,Boker,Длина клинка,85 мм,Материал рукояти,Fiberglass Reinforced Nylon,Общая длина,211 мм,Толщина клинка,"3,3 мм",Фирма производитель,Boker Plus,Вес,159 гр,Обработка клинка,Black finish,Фиксатор клинка,замок Liner-Lock,Дизайн,Boris Manasherov,,,,,,,,,,,,,,,,,,
216407603,en_US,Складной нож Boker Plus 01BO892 Nori Cocobolo,"",NEW,6810.0,https://static-ru.insales.ru/images/products/1/6073/377321401/f9333bb91cb4ae7f1f00eaab4b6fe9fc-700x700.jpg,https://static-ru.insales.ru/images/products/1/6078/377321406/2697580efd2dd623be011a846a24267c-700x700.jpg,"","","","","","","","",Производитель,Boker,Длина клинка,80 мм,Материал рукояти,Дерево Кокоболо,Общая длина,180 мм,Толщина клинка,"1,8 мм",Обработка клинка,Satin finish,Фиксатор клинка,замок Liner-Lock,,,,,,,,,,,,,,,,,,,,,,,,
216407833,en_US,Нож Boker 01bo778 Lateralus G-10,"<font>Производитель: Boker Германия Страна изготовитель: Китай <br>Дизайнер: Jason Stout<br>Общая длина: 20,1 см.<br>Длина клинка: 9,2 см.<br>Толщина клинка: 3,5 мм.<br>Вес: 138 гр.<br>Материал клинка: D2<br>Материал рукояти: G-10<br>Способ открытия: ручное за флиппер<br>Тип замка: Frame Lock<br>Цвет: серый</font><br>",NEW,6420.0,https://static-ru.insales.ru/images/products/1/6524/377321852/780510fe2d6b4842e601df40e4adc243-700x700.jpg,https://static-ru.insales.ru/images/products/1/6528/377321856/ae74d780089b426004790bd649126424-700x700.jpg,"","","","","","","","",Производитель,Boker,Длина клинка,95 мм,Материал рукояти,"Чёрный G10, сталь",Общая длина,201 мм,Толщина клинка,"3,5 мм",Фирма производитель,Boker Plus,Вес,116 гр,Обработка клинка,Stonewash,Фиксатор клинка,замок Frame-Lock,Дизайн,Jason Stout,,,,,,,,,,,,,,,,,,
216407367,en_US,Складной нож CRKT Columbia River K330GGP Gusset,"",NEW,4500.0,https://static-ru.insales.ru/images/products/1/5556/377320884/c21998311ccbb09f9791292ee7c00ee8-700x700.jpg,https://static-ru.insales.ru/images/products/1/5559/377320887/bf32e9bf82250612e080ed91520edb54-700x700.jpg,https://static-ru.insales.ru/images/products/1/5565/377320893/377965962996ddba22db0e65c092e2b0-700x700.jpg,"","","","","","","",Производитель,CRKT,Длина клинка,91 мм,Материал рукояти,Нержавеющая сталь,Общая длина,206 мм,Толщина клинка,"3,1 мм",Обработка клинка,Титановое покрытие,Фиксатор клинка,замок Frame-Lock,,,,,,,,,,,,,,,,,,,,,,,,
216407398,en_US,"Складной нож Cold Steel 20NPH Finn Wolf Red, красный","",NEW,4800.0,https://static-ru.insales.ru/images/products/1/5621/377320949/b5859fb0cd271badbcfe81991a2fc082-700x700.jpg,https://static-ru.insales.ru/images/products/1/5627/377320955/6ca994e032edb8d91d93e7b6df204cdb-700x700.jpg,"","","","","","","","",Производитель,Cold Steel,Длина клинка,89 мм,Материал рукояти,Griv-EX,Общая длина,200 мм,Толщина клинка,"3,0 мм",Обработка клинка,Satin finish,Фиксатор клинка,замок Tri-Ad-Lock,,,,,,,,,,,,,,,,,,,,,,,,
216407408,en_US,Складной нож CRKT Columbia River K500GKP Helical Black,"",NEW,6750.0,https://static-ru.insales.ru/images/products/1/5641/377320969/190f998635a79ea0d31fbaabc3da3410-700x700.jpg,https://static-ru.insales.ru/images/products/1/5645/377320973/0df39b0c734b4158bab289a59f13b8d2-700x700.jpg,"","","","","","","","",Производитель,CRKT,Длина клинка,90 мм,Материал рукояти,Алюминий 6061,Общая длина,206 мм,Толщина клинка,"3,3 мм",Обработка клинка,Black Oxide,Фиксатор клинка,замок Liner-Lock,,,,,,,,,,,,,,,,,,,,,,,,
216407859,en_US,"Нож складной садовый Victorinox 3.9050.22B1 Floral, фиолетовый","",NEW,1470.0,https://static-ru.insales.ru/images/products/1/6574/377321902/a0328cecb45986156c6ed4e64adc4215-700x700.jpg,"","","","","","","","","",Производитель,Victorinox,Длина клинка,55 мм,Материал рукояти,Полиамид (PA),Общая длина,155 мм,Толщина клинка,"2,0 мм",Обработка клинка,Полировка,Фиксатор клинка,замок Slip-Joint,,,,,,,,,,,,,,,,,,,,,,,,
216407846,en_US,Складной нож CRKT Columbia River R2801 Over-Bore,"",NEW,1650.0,https://static-ru.insales.ru/images/products/1/6545/377321873/93269bb1d27260d534e12aefa7eacc56-700x700.jpg,https://static-ru.insales.ru/images/products/1/6550/377321878/1a58ea4290b915edc6aa7d5942421955-700x700.jpg,https://static-ru.insales.ru/images/products/1/6554/377321882/444705c84aa18955b919f580aa3aa325-700x700.jpg,"","","","","","","",Производитель,CRKT,Длина клинка,75 мм,Материал рукояти,Сталь 2Cr13,Общая длина,176 мм,Толщина клинка,"2,8 мм",Обработка клинка,Satin finish,Фиксатор клинка,замок Frame-Lock,,,,,,,,,,,,,,,,,,,,,,,,
216407542,en_US,Складной нож Boker 01bo773 Kihon,"<font>Производитель: Boker ГерманияСтрана изготовитель: Китай<br>Вес: 113 гр.<br>Толщина лезвия: 3,4 мм.<br>Материал лезвия: VG-10<br>Материал рукояти: титан<br>Дизайнер: Lucas Burnley<br>Тип замка: Framelock</font>",NEW,8700.0,https://static-ru.insales.ru/images/products/1/5945/377321273/33ffdc34057789e4f7ee28d7d6503271-700x700.jpg,https://static-ru.insales.ru/images/products/1/5947/377321275/1183a1ea80369b3da713dd3ed141be92-700x700.jpg,"","","","","","","","",Производитель,Boker,Длина клинка,84 мм,Материал рукояти,Титан,Общая длина,197 мм,Толщина клинка,"3,4 мм",Фирма производитель,Boker Plus,Вес,113 гр,Обработка клинка,Satin finish,Фиксатор клинка,замок Frame-Lock,Дизайн,Lucas Burnley,,,,,,,,,,,,,,,,,,
216407608,en_US,Нож Boker 01bo068 Lancer Black,"<font>Производитель: Boker ГерманияСтрана изготовитель: Китай<br>Цвет рукояти: чёрный<br>Дизайнер: Serge Panchenko<br>Общая длина: 17,9 см.<br>Вес: 69 гр.<br>Материал рукояти: G-10<br>Тип замка: Liner Lock<br>Толщина клинка: 3,0 мм.<br>Длина клинка: 7,6 см.<br>Материал клинка: 440C<br></font>",NEW,6720.0,https://static-ru.insales.ru/images/products/1/6085/377321413/474e504282f9192c887e26cbdd33c3ad-700x700.jpg,https://static-ru.insales.ru/images/products/1/6087/377321415/425b48481d1ff85572feca5e8cf0ab69-700x700.jpg,https://static-ru.insales.ru/images/products/1/6090/377321418/16ed7e697e2ee1c185b40cdaaa9c025a-700x700.jpg,https://static-ru.insales.ru/images/products/1/6093/377321421/f39edec60ebe1aaeac5407ad1fcb025b-700x700.jpg,https://static-ru.insales.ru/images/products/1/6099/377321427/25c939fdca933ab00934bddca0d17dce-700x700.jpg,https://static-ru.insales.ru/images/products/1/6105/377321433/b3c112b9641b7e8c11dc59cb4d3a8c5c-700x700.jpg,https://static-ru.insales.ru/images/products/1/6109/377321437/f47bf22c269426809695621b79cefe2b-700x700.jpg,"","","",Производитель,Boker,Длина клинка,76 мм,Материал рукояти,Чёрный G10,Общая длина,179 мм,Толщина клинка,"3,0 мм",Фирма производитель,Boker Plus,Вес,69 гр,Обработка клинка,Stonewash,Фиксатор клинка,замок Liner-Lock,Дизайн,Сергей Панченко,,,,,,,,,,,,,,,,,,
216407896,en_US,"Нож складной садовый Victorinox 3.9050.53B1 Floral, розовый","",NEW,1470.0,https://static-ru.insales.ru/images/products/1/6646/377321974/d63eb3db0bd98fcf0fd46dd19676a3bc-700x700.jpg,"","","","","","","","","",Производитель,Victorinox,Длина клинка,55 мм,Материал рукояти,Полиамид (PA),Общая длина,155 мм,Толщина клинка,"2,0 мм",Обработка клинка,Полировка,Фиксатор клинка,замок Slip-Joint,,,,,,,,,,,,,,,,,,,,,,,,
216407414,en_US,Нож Boker 01mb156 Buddy,"<font>Производитель: Boker ГерманияСтрана изготовитель: Китай<br>Вес: 126 гр.<br>Толщина лезвия: 2,9 мм.<br>Материал лезвия: 440A<br>Материал рукояти: G-10<br>Тип замка: Linerlock</font>",NEW,1810.0,https://static-ru.insales.ru/images/products/1/5648/377320976/b5d6f51c10af19d978e7f528e771349d-700x700.jpg,https://static-ru.insales.ru/images/products/1/5651/377320979/94568d0b0a3d78c20607f1dd0aaab1c6-700x700.jpg,https://static-ru.insales.ru/images/products/1/5656/377320984/e9ae53df863aeac3755e4fdfb73ee494-700x700.jpg,"","","","","","","",Производитель,Boker,Длина клинка,83 мм,Материал рукояти,Чёрный G10,Общая длина,199 мм,Толщина клинка,"2,9 мм",Фирма производитель,Magnum by Boker,Вес,126 гр,Обработка клинка,Satin finish,Фиксатор клинка,замок Liner-Lock,,,,,,,,,,,,,,,,,,,,
216407627,en_US,Складной нож CRKT Columbia River R1803 Go-N-Heavy Compact,"",NEW,4350.0,https://static-ru.insales.ru/images/products/1/6126/377321454/aba4006d69d70a04edc292e37e8c76bf-700x700.jpg,https://static-ru.insales.ru/images/products/1/6129/377321457/3b0e0ab747103bdff9d40a18d1b55c3e-700x700.jpg,"","","","","","","","",Производитель,CRKT,Длина клинка,88 мм,Материал рукояти,Алюминий 6061,Общая длина,200 мм,Толщина клинка,"3,6 мм",Обработка клинка,Stonewash,Фиксатор клинка,замок Liner-Lock,,,,,,,,,,,,,,,,,,,,,,,,
216407631,en_US,Складной нож Boker Plus 01BO893 Takara G10,"",NEW,7720.0,https://static-ru.insales.ru/images/products/1/6133/377321461/60d74c6ab1083337ca3f93025a75587d-700x700.jpg,https://static-ru.insales.ru/images/products/1/6138/377321466/7849f4eedac2631a86151c41e22cbb18-700x700.jpg,"","","","","","","","",Производитель,Boker,Длина клинка,80 мм,Материал рукояти,Чёрный G10,Общая длина,180 мм,Толщина клинка,"2,8 мм",Обработка клинка,Satin finish,Фиксатор клинка,замок Liner-Lock,,,,,,,,,,,,,,,,,,,,,,,,
216407641,en_US,Раскладной нож Boker 01bo762 Masada Folder,"<p><span>Производитель: Boker Германия Страна изготовитель: Китай <br />Дизайнер: Boris Manasherov<br />Общая длина: 22,5 см.<br />Длина клинка: 9,3 см.<br />Толщина клинка: 3,5 мм.<br />Вес: 165 гр.<br />Материал клинка: D2<br />Материал рукояти: G-10<br />Способ открытия: ручное за флиппер или сквозное отверстие<br />Тип замка: Liner Lock<br />Цвет: чёрный</span></p>",NEW,9080.0,https://static-ru.insales.ru/images/products/1/6156/377321484/4f27c33d0759c3c24bd1e312fc505f20-700x700.jpg,https://static-ru.insales.ru/images/products/1/6160/377321488/d7d9a86c0cae558a5984858f8719886e-700x700.jpg,https://static-ru.insales.ru/images/products/1/6164/377321492/a60bbd50a230d8e011fc441171031d1b-700x700.jpg,"","","","","","","",Производитель,Boker,Длина клинка,93 мм,Материал рукояти,Чёрный G10,Общая длина,225 мм,Толщина клинка,"3,5 мм",Фирма производитель,Boker Plus,Вес,165 гр,Обработка клинка,Stonewash,Фиксатор клинка,замок Liner-Lock,Дизайн,Boris Manasherov,,,,,,,,,,,,,,,,,,
216407665,en_US,Складной нож Танто KERSHAW Freefall 3840,"",NEW,3460.0,https://static-ru.insales.ru/images/products/1/6215/377321543/b8144f4798e3d5dff280bf8f22460087-700x700.jpg,https://static-ru.insales.ru/images/products/1/6221/377321549/a3cbea767ff86dc297a4682c0a1dadcb-700x700.jpg,"","","","","","","","",Производитель,Kershaw,Твердость стали по HRC,57-58,Твёрдость,57-58,,,,,,,,,,,,,,,,,,,,,,,,,,,,,,,,
216407687,en_US,Складной нож CRKT Columbia River R1701 Follow-Trough,"",NEW,4350.0,https://static-ru.insales.ru/images/products/1/6258/377321586/88a04c9b5abcf2e9edc48c7b4591798e-700x700.jpg,https://static-ru.insales.ru/images/products/1/6268/377321596/d1f4829c7e78d424b112c4515018e86d-700x700.jpg,https://static-ru.insales.ru/images/products/1/6276/377321604/b7f83038e88c44194a25bcd5f20794e1-700x700.jpg,"","","","","","","",Производитель,CRKT,Длина клинка,95 мм,Материал рукояти,Glass Reinforced Nylon,Общая длина,222 мм,Толщина клинка,"3,7 мм",Обработка клинка,Stonewash,Фиксатор клинка,замок Liner-Lock,,,,,,,,,,,,,,,,,,,,,,,,
216407656,en_US,Складной нож CRKT Columbia River R2001K All-Cylinders,"",NEW,4800.0,https://static-ru.insales.ru/images/products/1/6184/377321512/8333b7acfee34f4fdaf4895d19acc13c-700x700.jpg,https://static-ru.insales.ru/images/products/1/6196/377321524/db2c69e4dffbd57ed19ebc8d03b3aad9-700x700.jpg,https://static-ru.insales.ru/images/products/1/6199/377321527/20e637bf6e6f28b9c317e58ffed1e9dd-700x700.jpg,"","","","","","","",Производитель,CRKT,Длина клинка,102 мм,Материал рукояти,Чёрно-серый G10,Общая длина,229 мм,Толщина клинка,"4,1 мм",Обработка клинка,Stonewash,Фиксатор клинка,замок Liner-Lock,,,,,,,,,,,,,,,,,,,,,,,,
216407920,en_US,Нож Pro-Tech E7A34 Pro-Tech/EMERSON,"<font>Производитель: Pro-Tech СШАОбщая длина: 20,2 см<br>Длина клинка: 8,3 см<br></font><font>Сталь: 154CM</font><br><font>Совместный дизайн с компанией EMERSON. Форм-фактор клинка EMERSON, рукоять и производство ножа компанией Pro-Tech.<br></font>",NEW,26540.0,https://static-ru.insales.ru/images/products/1/6693/377322021/e8262d7cc274557daa4ce2dd76c6a4d9-700x700.jpg,https://static-ru.insales.ru/images/products/1/6697/377322025/6fa7383d7c4b1094b8afc5a0b9508e07-700x700.jpg,"","","","","","","","",Производитель,Pro-Tech,Длина клинка,82 мм,Материал рукояти,"Алюминий, карбон",Общая длина,202 мм,Толщина клинка,"3,0 мм",Фирма производитель,Pro-Tech,Страна,США,Вес,116 гр,Обработка клинка,Stonewash,Фиксатор клинка,замок Button-Lock,Дизайн,Ernest Emerson,,,,,,,,,,,,,,,,
216407507,en_US,Автоматический нож Boker Plus 01BO951 Kihon Auto All Black,"",NEW,5170.0,https://static-ru.insales.ru/images/products/1/5865/377321193/9c77f4b50269256472a5c20d79aec0f7-700x700.jpg,https://static-ru.insales.ru/images/products/1/5871/377321199/8780d6d2241c49a97e27f7ee66a9b972-700x700.jpg,"","","","","","","","",Производитель,Boker,Длина клинка,80 мм,Материал рукояти,Алюминий,Общая длина,195 мм,Толщина клинка,"2,9 мм",Обработка клинка,Чёрное покрытие,Фиксатор клинка,замок Button-Lock,,,,,,,,,,,,,,,,,,,,,,,,
216407560,en_US,Складной нож CRKT Columbia River R1801 Go-N-Heavy,"",NEW,5400.0,https://static-ru.insales.ru/images/products/1/5980/377321308/a56137a93dad1e13efe64476dee7b144-700x700.jpg,https://static-ru.insales.ru/images/products/1/5983/377321311/a076c1f6911ca4f6c51d44c666b98c1a-700x700.jpg,https://static-ru.insales.ru/images/products/1/5989/377321317/11ce84f99bca5cd025d52df4736fbe0e-700x700.jpg,"","","","","","","",Производитель,CRKT,Длина клинка,125 мм,Материал рукояти,Алюминий 6061,Общая длина,284 мм,Толщина клинка,"4,8 мм",Обработка клинка,Stonewash,Фиксатор клинка,замок Liner-Lock,,,,,,,,,,,,,,,,,,,,,,,,
216407749,en_US,Складной нож CRKT Columbia River R2301 Hollow-Point +P,"",NEW,4350.0,https://static-ru.insales.ru/images/products/1/6352/377321680/3c7a20ba607453d3e4893a02da1b43d5-700x700.jpg,https://static-ru.insales.ru/images/products/1/6360/377321688/c271072d7e48b85ab2d8f856ec28d038-700x700.jpg,https://static-ru.insales.ru/images/products/1/6365/377321693/4c778b0e87219b0e017d276564d3af86-700x700.jpg,"","","","","","","",Производитель,CRKT,Длина клинка,92 мм,Материал рукояти,"Glass Reinforced Nylon, стал",Общая длина,216 мм,Толщина клинка,"3,7 мм",Обработка клинка,Satin finish,Фиксатор клинка,замок Frame-Lock,,,,,,,,,,,,,,,,,,,,,,,,
216407808,en_US,Складной нож из дамасской стали Boker 01BO739DAM Urban Trapper Damasteel,"<p><span>Производитель: Boker ГерманияСтрана изготовитель: Китай<br />Общая длина: 19,5 см.<br />Длина клинка: 8,7 см.<br />Вес: 48 гр.<br />Толщина клинка: 2,5 мм.<br />Материал клинка: дамаск<br />Материал рукояти: титан<br />Дизайнер: Brad Zinker<br />Тип замка: Frame Lock</span></p>",NEW,25340.0,https://static-ru.insales.ru/images/products/1/6482/377321810/5bf5159e32e52f8729c3b82a1b88c7a4-700x700.jpg,https://static-ru.insales.ru/images/products/1/6493/377321821/4ecebc1d764a334dc126ea0fdefb90ac-700x700.jpg,https://static-ru.insales.ru/images/products/1/6495/377321823/e603d86fe3463e942490a1a6cfe19f1c-700x700.jpg,https://static-ru.insales.ru/images/products/1/6501/377321829/8d7afe6efc614d303dea036b4bff25a9-700x700.jpg,"","","","","","",Производитель,Boker,Длина клинка,87 мм,Марка стали,Дамасская сталь,Материал рукояти,Титан,Общая длина,195 мм,Толщина клинка,"2,5 мм",Фирма производитель,Boker Plus,Вес,48 гр,Фиксатор клинка,замок Frame-Lock,Дизайн,Brad Zinker,,,,,,,,,,,,,,,,,,
216407663,en_US,Нож выкидной автоматический Pro-Tech Rockeye LG205 Satin,"<p><span style=""font-size: 12pt;"">Общая длина (мм): 213</span><br /><span style=""font-size: 12pt;"">Длина клинка (мм): 86</span><br /><span style=""font-size: 12pt;"">Толщина обуха (мм): 3,2</span><br /><span style=""font-size: 12pt;"">Марка стали: 154CM</span><br /><span style=""font-size: 12pt;"">Тип обработки клинка: Satin</span><br /><span style=""font-size: 12pt;"">Длина рукояти (мм): 127</span><br /><span style=""font-size: 12pt;"">Материал рукояти: Алюминий</span><br /><span style=""font-size: 12pt;"">Тип замка: Button-Lock</span><br /><span style=""font-size: 12pt;"">Вес (гр): 132</span><br /><span style=""font-size: 12pt;"">Материал клипсы: Сталь</span><br /><span style=""font-size: 12pt;"">Компания производитель: Pro-Tech Knives (USA)</span><br /><span style=""font-size: 12pt;"">Страна изготовитель: США</span></p>",NEW,26540.0,https://static-ru.insales.ru/images/products/1/6202/377321530/0f275608711cdb36ac462140644fa3dd-700x700.jpg,"","","","","","","","","",Производитель,Pro-Tech,,,,,,,,,,,,,,,,,,,,,,,,,,,,,,,,,,,,
216407887,en_US,Раскладной нож Messerkonig DSFms02 Silver Twill G-10 купить,"<p><span>Производитель: Messerkonig АвстрияМатериал рукояти: Silver Twill G-10<br />Общая длина: 22,3 см<br />Длина клинка: 9,6 см<br />Сталь: N690<br />Замок: фрэйм-лок</span></p>",NEW,21000.0,https://static-ru.insales.ru/images/products/1/6621/377321949/b9d4cb857742b84e1560862bd87c81bc-700x700.jpg,"","","","","","","","","",Марка стали,N690 (bohler),,,,,,,,,,,,,,,,,,,,,,,,,,,,,,,,,,,,
216407256,en_US,"Складной нож Щука ручной работы, дамаск, черный граб","",NEW,4500.0,https://static-ru.insales.ru/images/products/1/5306/377320634/shuka_damask_fursach_1-700x700.JPG,https://static-ru.insales.ru/images/products/1/5311/377320639/shuka_damask_fursach_9-700x700.JPG,https://static-ru.insales.ru/images/products/1/5316/377320644/shuka_damask_fursach_5-700x700.JPG,https://static-ru.insales.ru/images/products/1/5321/377320649/shuka_damask_fursach_3-700x700.JPG,https://static-ru.insales.ru/images/products/1/5324/377320652/shuka_damask_fursach_2-700x700.JPG,https://static-ru.insales.ru/images/products/1/5332/377320660/shuka_damask_fursach_8-700x700.JPG,"","","","",Артикул Поставщика,"Складной нож Щука, дамасская сталь, черный граб",Твердость стали по HRC,60,Длина рукояти,115,Длина клинка,100,Марка стали,Дамасская,Материал рукояти,черный граб,Общая длина,215,Толщина клинка,"2,7-2,9",Чехол,Натуральная кожа.,Фирма производитель,Фурсач А.А.,Страна,Россия,Ширина,20,Тип,Нож туристический,,,,,,,,,,,,
216407317,en_US,Раскладной нож KERSHAW Launch 1 7100BW,"",NEW,13160.0,https://static-ru.insales.ru/images/products/1/5449/377320777/61c213985b685d106bab43141fde8b17-700x700.jpg,https://static-ru.insales.ru/images/products/1/5451/377320779/eaa72968ebc4e39dd909e760e3fa8c95-700x700.jpg,https://static-ru.insales.ru/images/products/1/5456/377320784/fff81338bdc64b593eae91e8869b4647-700x700.jpg,https://static-ru.insales.ru/images/products/1/5460/377320788/4722e8d0fe56b693942f175b06af16b9-700x700.jpg,"","","","","","",Производитель,Kershaw,Длина клинка,86 мм,Марка стали,CPM154,Материал рукояти,Анодированный алюминий,Общая длина,203 мм,Длина в закрытом состоянии,117 мм,Фирма производитель,Kershaw,Страна,США,Вес,114 гр,Обработка клинка,Black-Oxide Black Wash finish,Фиксатор клинка,замок Push-button-Lock,,,,,,,,,,,,,,,,
216407208,en_US,"Нож складной Грач G10, Саро","<h3 style=""margin-top: 20px; margin-bottom: 0cm;""><span style=""color: rgb(0, 0, 0); font-family: ""Times New Roman"";"">Удачный функциональный нож оптимально подходит для походного снаряжения. Тем более, что его переноска облегчена за счет небольшой массы и наличия отверстия для темляка, это гарантирует досягаемость инструмента в нужный момент. Грач выручит в экстремальных ситуациях и в процессе выполнения хозяйственных дел. Японская сталь, из которой изготовлен клинок, пользуется востребованностью в сфере изготовления ножей, так как разрабатывалась именно с этой целью. Этому ножу не грозит ржавчина и раскрашивание лезвия, благодаря мягкости и износоустойчивости материала. Рукоять из современного материала особой прочности удобно лежит в руке. </span></h3><h3 style=""margin-top: 20px; margin-bottom: 0cm;""><span style=""color: rgb(0, 0, 0); font-family: ""Times New Roman""; text-decoration-line: underline;"">Характеристики:</span></h3><h3 style=""margin-top: 20px; margin-bottom: 0cm;""><span style=""color: rgb(0, 0, 0); font-family: ""Times New Roman"";"">общая длина, мм<span style=""white-space: pre;""> </span>200±5</span></h3><h3 style=""margin-top: 20px; margin-bottom: 0cm;""><span style=""color: rgb(0, 0, 0); font-family: ""Times New Roman"";"">длина клинка, мм<span style=""white-space:pre""> </span>87±3</span></h3><h3 style=""margin-top: 20px; margin-bottom: 0cm;""><span style=""color: rgb(0, 0, 0); font-family: ""Times New Roman"";"">толщина обуха, мм<span style=""white-space:pre""> </span>3,5±0,2</span></h3><h3 style=""margin-top: 20px; margin-bottom: 0cm;""><span style=""color: rgb(0, 0, 0); font-family: ""Times New Roman"";"">материал клинка<span style=""white-space:pre""> </span> <span style=""white-space:pre""> </span>Bohler K110</span></h3><h3 style=""margin-top: 20px; margin-bottom: 0cm;""><span style=""color: rgb(0, 0, 0); font-family: ""Times New Roman"";"">материал рукояти<span style=""white-space:pre""> </span>G10<span style=""white-space:pre""> </span> </span></h3><h3 style=""margin-top: 20px; margin-bottom: 0cm;""><span style=""color: rgb(0, 0, 0); font-family: ""Times New Roman"";"">отделка клинка<span style=""white-space:pre""> </span>satin<span style=""white-space:pre""> </span> </span></h3><h3 style=""margin-top: 20px; margin-bottom: 0cm;""><span style=""color: rgb(0, 0, 0); font-family: ""Times New Roman"";"">твёрдость HRC<span style=""white-space:pre""> </span>61-63<span style=""white-space:pre""> </span> </span></h3><h3 style=""margin-top: 20px; margin-bottom: 0cm;""><span style=""color: rgb(0, 0, 0); font-family: ""Times New Roman"";"">вес г<span style=""white-space: pre;""> </span>136</span></h3>",NEW,0.0,https://static-ru.insales.ru/images/products/1/5199/377320527/5e5064ab58a73e3c798f63dffd16bc15-700x700.jpg,https://static-ru.insales.ru/images/products/1/5202/377320530/7bcdf8461a5f826123d3de6f709fbd86-700x700.jpg,https://static-ru.insales.ru/images/products/1/5207/377320535/7e1abb1898da25261a85d095d59c53f5-700x700.jpg,https://static-ru.insales.ru/images/products/1/5216/377320544/ba061e717cc8dc12e33c4e9fe4f2d9c8-700x700.jpg,https://static-ru.insales.ru/images/products/1/5220/377320548/775efdd099148662eb9e791feb0d35ea-700x700.jpg,https://static-ru.insales.ru/images/products/1/5223/377320551/28c0aab09785e6cb4437cbdfbec26c5e-700x700.jpg,https://static-ru.insales.ru/images/products/1/5227/377320555/0ccb8c2401bc3795b4ecd7c16b23387b-700x700.jpg,https://static-ru.insales.ru/images/products/1/5231/377320559/21f6ce2c4e90d4251adb6858482bc074-700x700.jpg,"","",Производитель,SARO,,,,,,,,,,,,,,,,,,,,,,,,,,,,,,,,,,,,
216407697,en_US,Складной нож Boker 01bo736 Urban Trapper Grand,"<font>Производитель: Boker ГерманияСтрана изготовитель: Китай<br>Общая длина: 21,4 см.<br>Длина лезвия: 9,7 см.<br>Вес: 69 гр.<br>Толщина лезвия: 3,0 мм.<br>Материал лезвия: VG-10<br>Материал рукояти: титан<br>Дизайнер: Brad Zinker<br>Тип замка: Framelock</font>",NEW,13980.0,https://static-ru.insales.ru/images/products/1/6287/377321615/634c45952f54c14c559e19c993a7b445-700x700.jpg,https://static-ru.insales.ru/images/products/1/6297/377321625/b6a44c4b0d8d6edb11b7680cf1118e81-700x700.jpg,"","","","","","","","",Производитель,Boker,Длина клинка,97 мм,Материал рукояти,Титан,Общая длина,214 мм,Толщина клинка,"3,0 мм",Фирма производитель,Boker Plus,Вес,69 гр,Обработка клинка,Satin finish,Фиксатор клинка,замок Frame-Lock,Дизайн,Brad Zinker,,,,,,,,,,,,,,,,,,
216407881,en_US,Складной нож CRKT Columbia River R2203 Accurate Folder,"",NEW,4350.0,https://static-ru.insales.ru/images/products/1/6610/377321938/5502496d3297c4752e2ce6f8e165c73f-700x700.jpg,https://static-ru.insales.ru/images/products/1/6614/377321942/97d5d0ab275b8a41661333a4b9d02180-700x700.jpg,"","","","","","","","",Производитель,CRKT,Длина клинка,86 мм,Материал рукояти,"Glass Reinforced Nylon, стал",Общая длина,204 мм,Толщина клинка,"3,8 мм",Обработка клинка,Satin finish,Фиксатор клинка,замок Liner-Lock,,,,,,,,,,,,,,,,,,,,,,,,
216407438,en_US,Складной нож Boker Plus 01BO786 Urban Trapper Backlock G10,"",NEW,8680.0,https://static-ru.insales.ru/images/products/1/5713/377321041/04857f1e42478741bdd13c50a7e2e02a-700x700.jpg,https://static-ru.insales.ru/images/products/1/5718/377321046/305a281879c5cdea7a0bb033f704de77-700x700.jpg,"","","","","","","","",Производитель,Boker,Длина клинка,88 мм,Материал рукояти,Чёрный G10,Общая длина,195 мм,Толщина клинка,"2,4 мм",Обработка клинка,Satin finish,Фиксатор клинка,замок Back-Lock,,,,,,,,,,,,,,,,,,,,,,,,
216407871,en_US,Складной нож BUCK 0112BKSLT 112 Ranger LT,"",NEW,2820.0,https://static-ru.insales.ru/images/products/1/6593/377321921/1ce3fc1120fc1c13c514b49d81cbacd4-700x700.jpg,https://static-ru.insales.ru/images/products/1/6596/377321924/575a4c3dcc3829a308d1e0b3039c2d8d-700x700.jpg,"","","","","","","","",Производитель,Buck,Длина клинка,76 мм,Материал рукояти,Нейлон,Общая длина,184 мм,Толщина клинка,"3,0 мм",Обработка клинка,Satin finish,Фиксатор клинка,замок Back-Lock,,,,,,,,,,,,,,,,,,,,,,,,
216407313,en_US,Швейцарская карточка 0.7240.T21 Nailcare,<font>Производитель: Victorinox ШвейцарияЦвет: полупрозрачный голубой<br>Набор функций:<br>1. Стеклянная пилка для ногтей<br>2. Ножницы<br>3. Пинцет<br>4. Булавка<br>5. Шариковая ручка<br>6. Зубочистка<br>7. Лупа<br>8. Отвёртка 5 мм<br>9. Отвёртка 3 мм<br>10. Крестообразная отвёртка 1-2<br>11. Крестообразная отвёртка 00-0<br>12. Линейка ( см )<br>13. Линейка ( дюйм )</font>,NEW,3950.0,https://static-ru.insales.ru/images/products/1/5439/377320767/44756bfb65883c86d7ab193b8c20ecc4-700x700.jpg,https://static-ru.insales.ru/images/products/1/5442/377320770/b40d2c6d256702cf2c258d5ab5f3cfe6-700x700.jpg,"","","","","","","","",Производитель,Victorinox,Общая длина,82 мм,Цвет,полупрозрачный голубой,,,,,,,,,,,,,,,,,,,,,,,,,,,,,,,,
216407672,en_US,Нож Boker 01BO722 Urban Trapper Gentleman,"<font>Производитель: Boker ГерманияСтрана изготовитель: Китай<br>Общая длина: 20,7 см.<br>Длина лезвия: 9,4 см.<br>Вес: 46 гр.<br>Толщина лезвия: 2,4 мм.<br>Материал лезвия: VG-10<br>Материал рукояти: древесина Cocobolo<br>Дизайнер: Brad Zinker<br>Тип замка: Liner Lock</font>",NEW,9990.0,https://static-ru.insales.ru/images/products/1/6227/377321555/e6ea784a09cf40fb942d4e7ffa9e66da-700x700.jpg,https://static-ru.insales.ru/images/products/1/6230/377321558/a9832f5c5b7a20c1f30d7d29c3fb2cb8-700x700.jpg,https://static-ru.insales.ru/images/products/1/6238/377321566/8c86801d7f1cbfc5f6d1b40e949ce602-700x700.jpg,"","","","","","","",Производитель,Boker,Длина клинка,94 мм,Материал рукояти,Дерево Кокоболо,Общая длина,207 мм,Толщина клинка,"2,4 мм",Фирма производитель,Boker Plus,Вес,46 гр,Обработка клинка,Polish finish,Фиксатор клинка,замок Liner-Lock,Дизайн,Brad Zinker,,,,,,,,,,,,,,,,,,
216407403,en_US,"Мультитул SwissTool Victorinox 3.0227.L1 Spirit, с поворотным клипом на чехле","",NEW,14090.0,https://static-ru.insales.ru/images/products/1/5632/377320960/666e2677c520902ad50a4187ea4a452a-700x700.jpg,https://static-ru.insales.ru/images/products/1/5636/377320964/43e0c342569d2f17799196a7c680decd-700x700.jpg,"","","","","","","","",Производитель,Victorinox,Общая длина,105 мм,Цвет,металлик,,,,,,,,,,,,,,,,,,,,,,,,,,,,,,,,
216407340,en_US,Автоматический нож 01SC062 Magnum by Boker :: Magnum Final Flick Out Black,"",NEW,2210.0,https://static-ru.insales.ru/images/products/1/5504/377320832/f40455a585fe733b2434c993ffe69475-700x700.jpg,https://static-ru.insales.ru/images/products/1/5515/377320843/14fcf5d0ef4f37ae746de6b084a6a3d7-700x700.jpg,"","","","","","","","",Производитель,Boker,Длина клинка,80 мм,Материал рукояти,Алюминий,Общая длина,180 мм,Толщина клинка,"3,1 мм",Обработка клинка,Satin finish,Фиксатор клинка,замок Button-Lock,,,,,,,,,,,,,,,,,,,,,,,,
216407546,en_US,Маленький складной нож KERSHAW Shuffle 8700,"<p><span style=""font-size: 12pt;"">Общая длина: 143 мм</span><br /><span style=""font-size: 12pt;"">Длина клинка: 60 мм</span><br /><span style=""font-size: 12pt;"">Длина в сложенном виде: 83 мм</span><br /><span style=""font-size: 12pt;"">Материал клинка: Сталь 8Cr13MoV</span><br /><span style=""font-size: 12pt;"">Обработка клинка: Bead Blast</span><br /><span style=""font-size: 12pt;"">Твёрдость: 57-58 HRC</span><br /><span style=""font-size: 12pt;"">Блокировка клинка: Liner-Lock</span><br /><span style=""font-size: 12pt;"">Материал рукоятки: Glass Filled Nylon, K-Texture&trade; grip</span><br /><span style=""font-size: 12pt;"">Вес ножа: 75 гр</span><br /><span style=""font-size: 12pt;"">Страна изготовитель: Китай</span></p>",NEW,2160.0,https://static-ru.insales.ru/images/products/1/5960/377321288/4b963876732d0cd79eda1ef1175e5455-700x700.jpg,https://static-ru.insales.ru/images/products/1/5963/377321291/237f47c159d6acc121be5ad21bee30ae-700x700.jpg,"","","","","","","","",Производитель,Kershaw,Твердость стали по HRC,57-58,Твёрдость,57-58,,,,,,,,,,,,,,,,,,,,,,,,,,,,,,,,
216407774,en_US,Нож Boker 01BO766 CFM-A1,"<font >Производитель: Boker ГерманияСтрана изготовитель: Китай<br>Вес: 155 гр.<br>Дизайнер: DJ Urbanovsky<br>Общая длина: 21,3 см.<br>Толщина клинка: 3,5 мм.<br>Материал рукояти: G-10<br>Цвет рукояти: черный<br>Тип замка: Frame Lock<br>Материал клинка: 14C28N<br>Длина клинка: 9,2 см.<br></font>",NEW,4400.0,https://static-ru.insales.ru/images/products/1/6409/377321737/40c805d3745c1a9e54b7eb191b5e1bb7-700x700.jpg,https://static-ru.insales.ru/images/products/1/6412/377321740/21b682a40c6f16bf670120fc1189ad54-700x700.jpg,"","","","","","","","",Производитель,Boker,Длина клинка,92 мм,Материал рукояти,"Чёрный G10, сталь",Общая длина,213 мм,Толщина клинка,"3,5 мм",Фирма производитель,Boker Plus,Вес,155 гр,Обработка клинка,Stonewash,Фиксатор клинка,замок Frame-Lock,Дизайн,DJ Urbanovsky,,,,,,,,,,,,,,,,,,
216407479,en_US,Складной нож CRKT Columbia River M16-04S,"",NEW,7500.0,https://static-ru.insales.ru/images/products/1/5800/377321128/b2c3c4cf3da9a01812fbd1c15d7705f7-700x700.jpg,https://static-ru.insales.ru/images/products/1/5804/377321132/2ae896fcfabd6c28cd83c941a369d735-700x700.jpg,https://static-ru.insales.ru/images/products/1/5808/377321136/3b57fc44c7a39424894bcf79bfc585fc-700x700.jpg,"","","","","","","",Производитель,CRKT,Длина клинка,99 мм,Материал рукояти,Алюминий 6061,Общая длина,236 мм,Толщина клинка,"3,6 мм",Обработка клинка,Bead Blast,Фиксатор клинка,замок Liner-Lock,,,,,,,,,,,,,,,,,,,,,,,,
216407516,en_US,Нож Boker 01lg114 Dagger Blue,"<font>Производитель: Boker ГерманияСтрана изготовитель: Китай<br>Вес: 155 гр.<br>Длина лезвия: 9 см.<br>Толщина лезвия: 2,7 мм.<br>Материал лезвия: 440A<br>Материал рукояти: сталь<br></font>",NEW,1960.0,https://static-ru.insales.ru/images/products/1/5887/377321215/50f06581680dcce8ad3bc7b680ff24ec-700x700.jpg,https://static-ru.insales.ru/images/products/1/5894/377321222/fc146ccb6391a195c36423c30547daa7-700x700.jpg,https://static-ru.insales.ru/images/products/1/5900/377321228/7204f19bd3ca2b76dc8fe85a14ffae4a-700x700.jpg,"","","","","","","",Производитель,Boker,Длина клинка,90 мм,Материал рукояти,Нержавеющая сталь,Общая длина,215 мм,Толщина клинка,"2,7 мм",Фирма производитель,Magnum by Boker,Вес,155 гр,Обработка клинка,Titanium Nitride,Фиксатор клинка,замок Liner-Lock,,,,,,,,,,,,,,,,,,,,
216407594,en_US,"Складной нож Cold Steel 26B6 Ti-Lite 6"" Aluminum","",NEW,18000.0,https://static-ru.insales.ru/images/products/1/6053/377321381/34daadacf2b7e071dc45feddbb22df1f-700x700.jpg,https://static-ru.insales.ru/images/products/1/6055/377321383/27baf231cbb57d4dfdcf8efa1b197105-700x700.jpg,"","","","","","","","",Производитель,Cold Steel,Длина клинка,152 мм,Материал рукояти,Алюминий 7075,Общая длина,330 мм,Толщина клинка,"4,0 мм",Обработка клинка,Bead Blast,Фиксатор клинка,замок Liner-Lock,,,,,,,,,,,,,,,,,,,,,,,,
216407900,en_US,Фронтальный нож Microtech Ultratech Satin 123-4,"<p><span>Производитель: Microtech США123-4 нож с автоматическим открытием/закрытием клинка<br />Страна изготовитель: США<br />Сталь - Elmax обработка сатин, форма клинка танто<br />Рукоять - авиационный алюминий 6061-T6<br />Длина лезвия - 8,73 см.<br />Толщина лезвия - 0,33 мм.<br />Общая длина - 21,59 см.<br />Вес - 102 гр.<br />Комплектация - металлическая клипса/стеклобой</span></p>",NEW,36120.0,https://static-ru.insales.ru/images/products/1/6653/377321981/5dd160d41accaa865cd0cc297b97617d-700x700.jpg,https://static-ru.insales.ru/images/products/1/6658/377321986/e00a5c4da95878d7f01afef369db4a02-700x700.jpg,https://static-ru.insales.ru/images/products/1/6663/377321991/3190461bda06b0e1ad49ae3fd59c831d-700x700.jpg,"","","","","","","",Производитель,Microtech,Длина клинка,87 мм,Материал рукояти,Алюминий 6061,Общая длина,215 мм,Толщина клинка,"3,2 мм",Фирма производитель,Microtech,Страна,США,Вес,102 гр,Обработка клинка,Satin finish,Фиксатор клинка,замок Out-the-Front Double Auto,Дизайн,Энтони Марфионе,,,,,,,,,,,,,,,,
216407252,en_US,"Складной нож Wild West, Саро","<h3 style=""font-family: Roboto, sans-serif; color: rgb(0, 0, 0); margin-top: 20px; margin-bottom: 0cm; font-size: 17px; text-transform: uppercase; outline-width: 0px !important;""><span style=""font-family: ""Times New Roman""; outline-width: 0px !important;"">СКЛАДНЫЕ НОЖИ ПРОЧНО ВОШЛИ В ОБИХОД ЛЮБОГО ГРИБНИКА, ТУРИСТА, РЫБОЛОВА, ОХОТНИКА, И ПРОСТО НАСТОЯЩЕГО МУЖЧИНЫ. ТАКИЕ МОДЕЛИ БОЛЬШЕ ВСЕГО ПОДКУПАЮТ ВОЗМОЖНОСТЬЮ ОПЕРАТИВНОГО ОБНАЖЕНИЯ ЛЕЗВИЯ. КОМПАКТНЫЙ WILD WEST МОЖНО ПРОСТО ПОЛОЖИТЬ В КАРМАН ИЛИ ПОДВЕСИТЬ НА ПОЯС. КЛИНОК ВЫПОЛНЕН ИЗ СТАЛИ ВЫСОКОГО КАЧЕСТВА, КОТОРАЯ НЕ ТУСКНЕЕТ И НЕ РЖАВЕЕТ ВО ВРЕМЯ ДЛИТЕЛЬНОГО ПЕРИОДА ЭКСПЛУАТАЦИИ. ДЛЯ ПЕРЕВОДА ЛЕЗВИЯ В РАБОЧЕЕ ПОЛОЖЕНИЕ ПРЕДУСМОТРЕН ФИКСАТОР LINER LOCK, ВЫБРАСЫВАЮЩИЙ КЛИНОК ЗА СЧЕТ ПЛОСКОЙ КОНСОЛЬНОЙ ПРУЖИНЫ, СЛУЖАЩЕЙ, ТАКЖЕ УПОРОМ. ТЕКСТОЛИТОВАЯ РУКОЯТЬ ЗЕЛЕНОГО ЦВЕТА ВЫГЛЯДИТ ЖИЗНЕРАДОСТНО И ХОРОШО УДЕРЖИВАЕТСЯ В ЛАДОНИ. </span></h3><h3 style=""font-family: Roboto, sans-serif; color: rgb(0, 0, 0); margin-top: 20px; margin-bottom: 0cm; font-size: 17px; text-transform: uppercase; outline-width: 0px !important;""><span style=""font-family: ""Times New Roman""; outline-width: 0px !important;""><span style=""text-decoration-line: underline; outline-width: 0px !important;"">ХАРАКТЕРИСТИКИ:</span><br style=""outline-width: 0px !important;""></span><span style=""font-family: ""Times New Roman""; outline-width: 0px !important;"">ОБЩАЯ ДЛИНА, ММ<span style=""white-space: pre; outline-width: 0px !important;""> </span>250±5</span></h3><h3 style=""font-family: Roboto, sans-serif; color: rgb(0, 0, 0); margin-top: 20px; margin-bottom: 0cm; font-size: 17px; text-transform: uppercase; outline-width: 0px !important;""><span style=""font-family: ""Times New Roman""; outline-width: 0px !important;"">ДЛИНА КЛИНКА, ММ<span style=""white-space: pre; outline-width: 0px !important;""> </span>130±3</span></h3><h3 style=""font-family: Roboto, sans-serif; color: rgb(0, 0, 0); margin-top: 20px; margin-bottom: 0cm; font-size: 17px; text-transform: uppercase; outline-width: 0px !important;""><span style=""font-family: ""Times New Roman""; outline-width: 0px !important;"">ТОЛЩИНА ОБУХА, ММ<span style=""white-space: pre; outline-width: 0px !important;""> </span>3,2±0,2</span></h3><h3 style=""font-family: Roboto, sans-serif; color: rgb(0, 0, 0); margin-top: 20px; margin-bottom: 0cm; font-size: 17px; text-transform: uppercase; outline-width: 0px !important;""><span style=""font-family: ""Times New Roman""; outline-width: 0px !important;"">МАТЕРИАЛ КЛИНКА<span style=""white-space: pre; outline-width: 0px !important;""> </span> <span style=""white-space: pre; outline-width: 0px !important;""> </span>BOHLER K110</span></h3><h3 style=""font-family: Roboto, sans-serif; color: rgb(0, 0, 0); margin-top: 20px; margin-bottom: 0cm; font-size: 17px; text-transform: uppercase; outline-width: 0px !important;""><span style=""font-family: ""Times New Roman""; outline-width: 0px !important;"">МАТЕРИАЛ РУКОЯТИ<span style=""white-space: pre; outline-width: 0px !important;""> </span>G10<span style=""white-space: pre; outline-width: 0px !important;""> </span> </span></h3><h3 style=""font-family: Roboto, sans-serif; color: rgb(0, 0, 0); margin-top: 20px; margin-bottom: 0cm; font-size: 17px; text-transform: uppercase; outline-width: 0px !important;""><span style=""font-family: ""Times New Roman""; outline-width: 0px !important;"">ОТДЕЛКА КЛИНКА<span style=""white-space: pre; outline-width: 0px !important;""> </span>ПОЛИРОВКА<span style=""white-space: pre; outline-width: 0px !important;""> </span> </span></h3><h3 style=""font-family: Roboto, sans-serif; color: rgb(0, 0, 0); margin-top: 20px; margin-bottom: 0cm; font-size: 17px; text-transform: uppercase; outline-width: 0px !important;""><span style=""font-family: ""Times New Roman""; outline-width: 0px !important;"">ТВЁРДОСТЬ HRC<span style=""white-space: pre; outline-width: 0px !important;""> </span>61-63<span style=""white-space: pre; outline-width: 0px !important;""> </span> </span></h3><h3 style=""font-family: Roboto, sans-serif; color: rgb(0, 0, 0); margin-top: 20px; margin-bottom: 0cm; font-size: 17px; text-transform: uppercase; outline-width: 0px !important;""><span style=""font-family: ""Times New Roman""; outline-width: 0px !important;"">ВЕС Г<span style=""white-space: pre; outline-width: 0px !important;""> </span>205</span></h3>",NEW,4700.0,https://static-ru.insales.ru/images/products/1/5299/377320627/qyakfceb-700x700-700x700.jpg,"","","","","","","","","",Производитель,SARO,,,,,,,,,,,,,,,,,,,,,,,,,,,,,,,,,,,,
216407429,en_US,Складной нож Cold Steel 20NPJAA 1911,"",NEW,3620.0,https://static-ru.insales.ru/images/products/1/5683/377321011/6a4a7e562f9e0694e75c13e945688244-700x700.jpg,https://static-ru.insales.ru/images/products/1/5689/377321017/5c9efcd19299140927f2729b76db29ae-700x700.jpg,https://static-ru.insales.ru/images/products/1/5694/377321022/5f38a759b968243a430090a345aa86b1-700x700.jpg,"","","","","","","",Производитель,Cold Steel,Длина клинка,76 мм,Материал рукояти,Griv-Ex,Общая длина,178 мм,Толщина клинка,"3,3 мм",Обработка клинка,Satin finish,Фиксатор клинка,замок Liner-Lock,,,,,,,,,,,,,,,,,,,,,,,,
216407440,en_US,Нож Boker 01lg506 Urban Outback,"<font>Производитель: Boker ГерманияСтрана изготовитель: Китай<br>Вес: 133 гр.<br>Толщина лезвия: 3,2 мм.<br>Материал лезвия: 440A<br>Материал рукояти: G-10<br>Тип замка: Linerlock</font><br>",NEW,2110.0,https://static-ru.insales.ru/images/products/1/5726/377321054/b012f8609d95f732d20365d8bf449580-700x700.jpg,https://static-ru.insales.ru/images/products/1/5729/377321057/9acbff5740e4cbad5ab7cd21d11ecad7-700x700.jpg,https://static-ru.insales.ru/images/products/1/5743/377321071/147685bae2c7f7035e90f60cf3a9a13b-700x700.jpg,https://static-ru.insales.ru/images/products/1/5747/377321075/0dbf92a1f1fa5ed9c4279281a91b404d-700x700.jpg,https://static-ru.insales.ru/images/products/1/5749/377321077/526744e4ca0a0fb012af773a772b07fd-700x700.jpg,https://static-ru.insales.ru/images/products/1/5753/377321081/ec4124d2e72ef8a9534428766e635d96-700x700.jpg,https://static-ru.insales.ru/images/products/1/5758/377321086/dcd9dfcb77da42563eaabd6ac27c05c3-700x700.jpg,"","","",Производитель,Boker,Длина клинка,85 мм,Материал рукояти,Чёрный G10,Общая длина,200 мм,Толщина клинка,"3,2 мм",Фирма производитель,Magnum by Boker,Вес,133 гр,Обработка клинка,Satin finish,Фиксатор клинка,замок Liner-Lock,,,,,,,,,,,,,,,,,,,,
216407680,en_US,Нож складной Солдатский Victorinox 0.8353.2 Nomad,"",NEW,3780.0,https://static-ru.insales.ru/images/products/1/6248/377321576/e7d0db186b22dc588652ffca9c2e998a-700x700.jpg,"","","","","","","","","",Производитель,Victorinox,Цвет,синий,,,,,,,,,,,,,,,,,,,,,,,,,,,,,,,,,,
216407303,en_US,Складной нож KERSHAW Manifold 1303BW,"<div class=""haracter""> <div class=""attr-name"">ДЛИНА НОЖА (СМ)</div> <span>&nbsp;</span> <div class=""attr-text"">- 20,6</div> </div> <div class=""haracter""> <div class=""attr-name"">В СЛОЖЕННОМ ВИДЕ (СМ)</div> <span>&nbsp;</span> <div class=""attr-text"">- 11,4</div> </div> <div class=""haracter""> <div class=""attr-name"">ДЛИНА КЛИНКА (СМ)</div> <span>&nbsp;</span> <div class=""attr-text"">- 8,9</div> </div> <div class=""haracter""> <div class=""attr-name"">ТОЛЩИНА ЛЕЗВИЯ (ММ)</div> <span>&nbsp;</span> <div class=""attr-text"">- 2,8</div> </div> <div class=""haracter""> <div class=""attr-name"">ВЕС (ГР)</div> <span>&nbsp;</span> <div class=""attr-text"">- 158,8</div> </div> <div class=""haracter""> <div class=""attr-name"">ТИП НОЖЕВОГО ЗАМКА</div> <span>&nbsp;</span> <div class=""attr-text"">- Frame-lock, SpeedSafe Assisted Opening</div> </div> <div class=""haracter""> <div class=""attr-name"">МАТЕРИАЛ КЛИНКА</div> <span>&nbsp;</span> <div class=""attr-text"">- Сталь 8Cr13MOV</div> </div> <div class=""haracter""> <div class=""attr-name"">МАТЕРИАЛ РУКОЯТИ</div> <span>&nbsp;</span> <div class=""attr-text"">- Stainless Steel (нержавеющая сталь)</div> </div> <div class=""haracter""> <div class=""attr-name"">НАЗНАЧЕНИЕ</div> <span>&nbsp;</span> <div class=""attr-text"">- Для ежедневного ношения</div> </div> <div class=""haracter""> <div class=""attr-name"">ПРОИЗВОДИТЕЛЬ НОЖА</div> <span>&nbsp;</span> <div class=""attr-text"">- Kershaw</div> </div> <div class=""haracter""> <div class=""attr-name"">ДОПОЛНИТЕЛЬНО</div> <span>&nbsp;</span> <div class=""attr-text"">- Pocket clip &mdash; клипса для ношения ножа на поясе или кармане. Lanyard Hole &mdash; отверстие или приспособление в задней части рукояти для страховочного корда или ремня</div> </div>",NEW,2730.0,https://static-ru.insales.ru/images/products/1/5421/377320749/8980f77396225f50ae4cb7100986c4e4-700x700.jpg,https://static-ru.insales.ru/images/products/1/5422/377320750/6d7d4824c1722527c02bca67031c5ddb-700x700.jpg,https://static-ru.insales.ru/images/products/1/5434/377320762/a6357a0c235de93ea7c44c12f4c55ebb-700x700.jpg,"","","","","","","",Производитель,Kershaw,Длина клинка,89 мм,Марка стали,Нержавеющая сталь 8Cr8MOV,Материал рукояти,Нержавеющая сталь 8Cr8MOV,Общая длина,206 мм,Длина в закрытом состоянии,114 мм,Фирма производитель,Kershaw,Страна,Китай,Вес,160 гр,Обработка клинка,Black-oxide BlackWash™ finish,Фиксатор клинка,замок Frame-Lock (Фрейм-Лок),,,,,,,,,,,,,,,,
216407523,en_US,Нож автоматический выкидной Pro-Tech Tactical Response TR-3 Punisher,"<p><span style=""font-size: 12pt;"">Производитель: Pro-Tech СШАTR-3 Punisher: Tactical Response 3. Один из самых популярных ножей у сотрудников правоохранительных органов и военнослужащих. В TR-3 сочетается 90 мм лезвие и очень тонкая рукоять. Доступен в различных цветовых вариантах рукояти и обработке лезвий. Рукоятка изготовлена из цельного куска алюминиевого сплава T6 6061, лезвие из нержавеющей стали 154CM.<br />Надпись на рукояти ножа: &bull; God will judge our enemies &bull; &bull; We'll arrange the meetings &bull;<br />&bull; Господь осудит наших врагов &bull; &bull; Мы же организуем встречу &bull;<br />Общая длина (мм): 203</span><br /><span style=""font-size: 12pt;"">Длина клинка (мм): 89</span><br /><span style=""font-size: 12pt;"">Толщина обуха (мм): 3,2</span><br /><span style=""font-size: 12pt;"">Марка стали: 154CM</span><br /><span style=""font-size: 12pt;"">Тип обработки клинка: Satin</span><br /><span style=""font-size: 12pt;"">Длина рукояти (мм): 114</span><br /><span style=""font-size: 12pt;"">Материал рукояти: Алюминий</span><br /><span style=""font-size: 12pt;"">Тип замка: Button-Lock</span><br /><span style=""font-size: 12pt;"">Вес (гр): 109</span><br /><span style=""font-size: 12pt;"">Материал клипсы: Сталь</span><br /><span style=""font-size: 12pt;"">Компания производитель: Pro-Tech Knives (USA)</span><br /><span style=""font-size: 12pt;"">Страна изготовитель: США</span></p>",NEW,21270.0,https://static-ru.insales.ru/images/products/1/5906/377321234/80b66bfe35aced5ce5bdd425137e0db2-700x700.jpg,https://static-ru.insales.ru/images/products/1/5910/377321238/e868f376e79d28d68d90dcd5981a2778-700x700.jpg,https://static-ru.insales.ru/images/products/1/5912/377321240/aa6b1a63335d5eea11cd7aacb5a9a731-700x700.jpg,"","","","","","","",Производитель,Pro-Tech,Длина клинка,89 мм,Материал рукояти,Алюминий,Общая длина,203 мм,Толщина клинка,"3,2 мм",Фирма производитель,Pro-Tech,Страна,США,Вес,100 гр,Обработка клинка,Satin finish,Фиксатор клинка,замок Button-Lock,,,,,,,,,,,,,,,,,,
216407501,en_US,Складной танто CRKT Columbia River M16-04Z,"",NEW,6000.0,https://static-ru.insales.ru/images/products/1/5849/377321177/db203e8fbee1f3821f4be24ef97ed112-700x700.jpg,https://static-ru.insales.ru/images/products/1/5854/377321182/11bc79c37e3a2ce8d2e4a0a7b077bd2a-700x700.jpg,https://static-ru.insales.ru/images/products/1/5859/377321187/e355b5731ac1629a1b4693e0965903c2-700x700.jpg,"","","","","","","",Производитель,CRKT,Длина клинка,98 мм,Материал рукояти,Glass Reinforced Nylon,Общая длина,235 мм,Толщина клинка,"3,1 мм",Обработка клинка,Bead Blast,Фиксатор клинка,замок Liner-Lock,,,,,,,,,,,,,,,,,,,,,,,,
216407552,en_US,Складной нож Cold Steel 21A Bush Ranger Lite,"",NEW,4730.0,https://static-ru.insales.ru/images/products/1/5965/377321293/f0b0981183400e36dfb42db3c131cd0a-700x700.jpg,https://static-ru.insales.ru/images/products/1/5968/377321296/03f57e48763ce42b536849ebcf09b17d-700x700.jpg,"","","","","","","","",Производитель,Cold Steel,Длина клинка,89 мм,Материал рукояти,Glass Filled Nylon,Общая длина,213 мм,Толщина клинка,"3,8 мм",Обработка клинка,Satin finish,Фиксатор клинка,замок Tri-Ad-Lock,,,,,,,,,,,,,,,,,,,,,,,,
216407578,en_US,Раскладной нож Boker 01BO759 Caracal Folder Tactical,"<p><span>Производитель: Boker ГерманияСтрана изготовитель: Китай<br />Общая длина: 21,2 см.<br />Длина клинка: 8,7 см.<br />Толщина клинка: 3,5 мм.<br />Вес: 162 гр.<br />Материал клинка: D2<br />Материал рукояти: G-10<br />Система и способ открытия: ручная за отверстие, за флиппер<br />Тип замка: Liner Lock<br />Дизайнер: Boris Manasherov</span></p>",NEW,9080.0,https://static-ru.insales.ru/images/products/1/6016/377321344/28a5758e390f498200a2a0d03ce62758-700x700.jpg,https://static-ru.insales.ru/images/products/1/6020/377321348/52fcd520a9df34f3d10e2c73ec1c4401-700x700.jpg,https://static-ru.insales.ru/images/products/1/6023/377321351/4ed5ad913bf63d34adb8caf9dd13765c-700x700.jpg,https://static-ru.insales.ru/images/products/1/6026/377321354/ed18b6e20fe71791924f797d33323b4b-700x700.jpg,https://static-ru.insales.ru/images/products/1/6031/377321359/412fc9ec2c165121963e8f59890ab1cf-700x700.jpg,https://static-ru.insales.ru/images/products/1/6036/377321364/9b724c88c942ae30fc03202ad680f1e9-700x700.jpg,https://static-ru.insales.ru/images/products/1/6037/377321365/9b4036a5826325ad9e5402e202d11ad4-700x700.jpg,https://static-ru.insales.ru/images/products/1/6043/377321371/4e9cc47cc36ed310edf8bba32df99c61-700x700.jpg,https://static-ru.insales.ru/images/products/1/6047/377321375/3f5e56896f8a4e7b122b38ad9f4d33d7-700x700.jpg,"",Производитель,Boker,Длина клинка,87 мм,Материал рукояти,Коричневый G10,Общая длина,213 мм,Толщина клинка,"3,5 мм",Фирма производитель,Boker Plus,Вес,162 гр,Обработка клинка,Black finish,Фиксатор клинка,замок Liner-Lock,Дизайн,Борис Манашеров,,,,,,,,,,,,,,,,,,
216407653,en_US,Перочинный нож Солдатский Victorinox 0.8331.MC9 Hunter XS,"",NEW,4750.0,https://static-ru.insales.ru/images/products/1/6180/377321508/eac614aec5a8a6e757587d6d54d4ed2b-700x700.jpg,"","","","","","","","","",Производитель,Victorinox,Длина в закрытом состоянии,111 мм,Цвет,оранжевый/черный,,,,,,,,,,,,,,,,,,,,,,,,,,,,,,,,
216407758,en_US,Шейный складной нож Boker 01bo210 Dog Tag Knife,"<p><span style=""font-size: 12pt;""><strong>Производитель: Boker ГерманияСтрана изготовитель: Китай<br />Общая длина: 9,6 см.<br />Длина лезвия: 4,3 см.<br />Вес: 24 гр.<br />Толщина лезвия: 1,7 мм.<br />Материал лезвия: 440C<br />Материал рукояти: титан<br />Дизайнер: John Kubasek</strong></span></p>",NEW,4080.0,https://static-ru.insales.ru/images/products/1/6372/377321700/52e1fb24a2a95228b0b439dc2494362b-700x700.jpg,https://static-ru.insales.ru/images/products/1/6376/377321704/e9e9d8e0636a055a055b7689a52619a4-700x700.jpg,https://static-ru.insales.ru/images/products/1/6380/377321708/a83b9af20f2c13714b9d9145a7631742-700x700.jpg,"","","","","","","",Производитель,Boker,Длина клинка,43 мм,Материал рукояти,Титан,Общая длина,96 мм,Толщина клинка,"1,7 мм",Фирма производитель,Boker Plus,Вес,24 гр,Обработка клинка,Satin finish,Дизайн,John Kubasek,,,,,,,,,,,,,,,,,,,,
216407269,en_US,"Складной нож Пескарь, ХВ5-алмазка, черный граб","",NEW,5100.0,https://static-ru.insales.ru/images/products/1/5340/377320668/nozh_peskar_fursach-700x700.JPG,https://static-ru.insales.ru/images/products/1/5345/377320673/nozh_peskar_fursach_1-700x700.JPG,https://static-ru.insales.ru/images/products/1/5349/377320677/nozh_peskar_fursach_2-700x700.JPG,https://static-ru.insales.ru/images/products/1/5355/377320683/nozh_peskar_fursach_3-700x700.JPG,https://static-ru.insales.ru/images/products/1/5360/377320688/nozh_peskar_fursach_4-700x700.JPG,"","","","","",Артикул Поставщика,"Складной нож Пескарь, ХВ5-алмазка, черный граб",Твердость стали по HRC,64,Длина клинка,90 мм,Марка стали,ХВ5 алмазка,Материал рукояти,черный граб,Общая длина,195 мм,Толщина клинка,2.7- 2.9,Чехол,натуральная кожа,Фирма производитель,Фурсач А.А.,Страна,Россия,Ширина,19,Тип,Нож туристический,Конструкция,Травмобезопасная,,,,,,,,,,,,
216407379,en_US,Складной нож Benchmade модель 484 Nakamura Axis,"",NEW,20160.0,https://static-ru.insales.ru/images/products/1/5583/377320911/76b8dcc7413dddaab989a817df6ca181-700x700.jpg,https://static-ru.insales.ru/images/products/1/5587/377320915/7103430209e06ddf56a4d3b9416f9469-700x700.jpg,https://static-ru.insales.ru/images/products/1/5591/377320919/b9fcabc1ac1a46fb51ca98e96441e9de-700x700.jpg,https://static-ru.insales.ru/images/products/1/5595/377320923/7858f0aa20bb6871093d9ce438c4998c-700x700.jpg,https://static-ru.insales.ru/images/products/1/5601/377320929/8e34de7fc93d58e55d59b0fb08eb4af2-700x700.jpg,https://static-ru.insales.ru/images/products/1/5608/377320936/a171f4db54ca9c3c118ecc7238396faf-700x700.jpg,https://static-ru.insales.ru/images/products/1/5612/377320940/65e84db35013e12113b80a0b76b0eb51-700x700.jpg,https://static-ru.insales.ru/images/products/1/5618/377320946/5ef82a8ee9def06a76a18de96abf0e6e-700x700.jpg,"","",Длина клинка,78 мм,Материал рукояти,Чёрный G10,Общая длина,178 мм,Толщина клинка,"2,9 мм",Фирма производитель,Benchmade,Страна,США,Вес,100 гр,Обработка клинка,Satin finish,Фиксатор клинка,замок Axis-Lock,Дизайн,Seiichi Nakamura,,,,,,,,,,,,,,,,,,
216407490,en_US,Складной нож Boker Plus 01BO790 Thunder Storm,"",NEW,7530.0,https://static-ru.insales.ru/images/products/1/5825/377321153/065c3716ccffe6b2b33f8c0ece17144b-700x700.jpg,https://static-ru.insales.ru/images/products/1/5828/377321156/7917a9255bf7da845f171d6acc1182ff-700x700.jpg,"","","","","","","","",Производитель,Boker,Длина клинка,92 мм,Материал рукояти,Алюминий,Общая длина,222 мм,Толщина клинка,"3,5 мм",Обработка клинка,Satin finish,Фиксатор клинка,замок Button-Lock,,,,,,,,,,,,,,,,,,,,,,,,
216407864,en_US,Складной нож CRKT Columbia River R3801 LCK,"",NEW,3000.0,https://static-ru.insales.ru/images/products/1/6579/377321907/21773290a43e208b976aa90696042866-700x700.jpg,https://static-ru.insales.ru/images/products/1/6585/377321913/78773b2cb892d37ffe66a2e3b0949c72-700x700.jpg,https://static-ru.insales.ru/images/products/1/6589/377321917/6b7e4b24eef17834639188cff64e7dc4-700x700.jpg,"","","","","","","",Производитель,CRKT,Длина клинка,84 мм,Материал рукояти,Glass Reinforced Nylon,Общая длина,190 мм,Толщина клинка,"3,2 мм",Обработка клинка,Satin finish,Фиксатор клинка,замок Liner-Lock,,,,,,,,,,,,,,,,,,,,,,,,
216407497,en_US,Полуавтоматический нож Benchmade модель 477 Osborne,"",NEW,21920.0,https://static-ru.insales.ru/images/products/1/5835/377321163/7af36d0d32a86b4a397cf50a7e185f59-700x700.jpg,https://static-ru.insales.ru/images/products/1/5840/377321168/6f92047731df1f2e1e30a00bb43bd9dc-700x700.jpg,"","","","","","","","",Твердость стали по HRC,58-60,Длина клинка,88 мм,Марка стали,CPM-S30V,Материал рукояти,Алюминий,Общая длина,203 мм,Толщина клинка,"2,5 мм",Длина в закрытом состоянии,116 мм,Фирма производитель,Benchmade,Страна,США,Вес,112 гр,Обработка клинка,Satin finish,Фиксатор клинка,замок Axis-Lock (Аксис-Лок),Дизайн,Warren Osborne (Уоррен Осборн),Твёрдость,58-60 HRC,,,,,,,,,,
216407512,en_US,Складной нож Boker Plus 01BO890 Nori G10,"",NEW,6260.0,https://static-ru.insales.ru/images/products/1/5878/377321206/579f43a841ba9899114ffa8c73da771f-700x700.jpg,https://static-ru.insales.ru/images/products/1/5883/377321211/01b944b3daa3a72148694dad6c4f7da1-700x700.jpg,"","","","","","","","",Производитель,Boker,Длина клинка,80 мм,Материал рукояти,Чёрный G10,Общая длина,180 мм,Толщина клинка,"1,8 мм",Обработка клинка,Satin finish,Фиксатор клинка,замок Liner-Lock,,,,,,,,,,,,,,,,,,,,,,,,
216407536,en_US,Складной нож Boker Plus 01BO891 Nori CF,"",NEW,7720.0,https://static-ru.insales.ru/images/products/1/5940/377321268/482df5840c2af956c8e84d8171fedbbf-700x700.jpg,https://static-ru.insales.ru/images/products/1/5942/377321270/66290744c7aefda5f8dc64684948ceb7-700x700.jpg,"","","","","","","","",Производитель,Boker,Длина клинка,80 мм,Материал рукояти,Карбон,Общая длина,180 мм,Толщина клинка,"1,8 мм",Обработка клинка,Satin finish,Фиксатор клинка,замок Liner-Lock,,,,,,,,,,,,,,,,,,,,,,,,
216407571,en_US,Американский складной нож Benchmade 1000001 Volli,"",NEW,18850.0,https://static-ru.insales.ru/images/products/1/6006/377321334/7899a5640a0960b861bd47c1f92bd861-700x700.jpg,https://static-ru.insales.ru/images/products/1/6011/377321339/70e7ba5e0ee648221068a59643c7be78-700x700.jpg,"","","","","","","","",Твердость стали по HRC,58-60,Длина клинка,83 мм,Марка стали,CPM-S30V,Материал рукояти,Чёрный текстурированный G10,Общая длина,198 мм,Толщина клинка,"2,5 мм",Длина в закрытом состоянии,112 мм,Фирма производитель,Benchmade,Страна,США,Вес,121 гр,Обработка клинка,Satin finish,Фиксатор клинка,замок Axis-Lock (Аксис-Лок),Дизайн,Warren Osborne (Уоррен Осборн),Твёрдость,58-60 HRC,,,,,,,,,,
216407763,en_US,Автоматический нож Boker 06EX201 Lhotak Eagle,"<p><span>Производитель: Boker Германия</span></p> <p><span>Страна изготовитель: Тайвань<br />Нож с автоматическим открытием/закрытием клинка<br />Общая длина: 21,0 см.<br />Длина клинка: 8,5 см.<br />Толщина клинка: 3,0 мм<br />Вес: 98 гр<br />Материал лезвия: 440C 58 HRC<br />Материал рукоятки: Алюминий<br />Тип: OTF Out of the Front<br />Дизайнер: Raimund Lhotak</span></p>",NEW,6000.0,https://static-ru.insales.ru/images/products/1/6391/377321719/f4b93659a1a9c89e8a0c31054707227a-700x700.jpg,https://static-ru.insales.ru/images/products/1/6397/377321725/9da64d116b4f3b14792dd4b7e8745f52-700x700.jpg,https://static-ru.insales.ru/images/products/1/6400/377321728/41134e3f4e602b85db531c1f3d596f4d-700x700.jpg,"","","","","","","",Производитель,Boker,Длина клинка,85 мм,Материал рукояти,Алюминий,Общая длина,210 мм,Толщина клинка,"3,0 мм",Фирма производитель,Boker Plus,Вес,98 гр,Обработка клинка,Two-tone finish,Фиксатор клинка,замок Out-the-Front Double Auto,Дизайн,Raimund Lhotak,,,,,,,,,,,,,,,,,,
216407851,en_US,Нож BUCK 0365BKS Rival II,"<font>Производитель: BUCK СШАДлина клинка: 7,9 см.<br>Толщина клинка: 3 мм.<br>Материал лезвия: Сталь 420HC<br>Материал рукояти: термопластик<br>Вес: 59,53 гр.<br>Комплектация: металлическая клипса<br></font>",NEW,2530.0,https://static-ru.insales.ru/images/products/1/6561/377321889/646d5db72e8a61900c2c1ad107f89421-700x700.jpg,"","","","","","","","","",Производитель,Buck,Длина клинка,79 мм,Материал рукояти,Injection Molded Nylon,Общая длина,189 мм,Толщина клинка,"3,1 мм",Фирма производитель,BUCK,Страна,США,Вес,60 гр,Обработка клинка,Satin finish,Фиксатор клинка,замок Back-Lock,,,,,,,,,,,,,,,,,,
216407291,en_US,"Перочинный нож Victorinox, арт. 1.3603.4 Spartan",<p><span>Производитель: Victorinox ШвейцарияЦвет: зелёный<br />Набор функций:<br />1. Большое лезвие<br />2. Малое лезвие<br />3. Штопор<br />4. Консервный нож с<br />5. - маленькой отвёрткой<br />6. Открывалка для бутылок с<br />7. - отвёрткой<br />8. - инструментом для снятия изоляции<br />9. Шило<br />10. Кольцо для ключей<br />11. Пинцет<br />12. Зубочистка</span></p>,NEW,2030.0,https://static-ru.insales.ru/images/products/1/5390/377320718/b30a84eb9fbca6184d04763f83e03648-700x700.jpg,https://static-ru.insales.ru/images/products/1/5396/377320724/805f350eb27f66bebdaa24bd0eb02ae8-700x700.jpg,https://static-ru.insales.ru/images/products/1/5400/377320728/122b114f5a87cf8f48e9361e9caa1cb6-700x700.jpg,https://static-ru.insales.ru/images/products/1/5403/377320731/d1ad5fe6ebf349e19515644040ec63df-700x700.jpg,https://static-ru.insales.ru/images/products/1/5408/377320736/ec84a370621d928c30c388e5a5021481-700x700.jpg,https://static-ru.insales.ru/images/products/1/5413/377320741/90359df04e6bb01f244c0def32de405e-700x700.jpg,https://static-ru.insales.ru/images/products/1/5416/377320744/85740feb01420b119306654c625458f0-700x700.jpg,"","","",Производитель,Victorinox,Материал рукояти,Пластик,Длина в закрытом состоянии,91 мм,,,,,,,,,,,,,,,,,,,,,,,,,,,,,,,,
216407599,en_US,Складной нож CRKT Columbia River M21-04G G10 Folder,"",NEW,6750.0,https://static-ru.insales.ru/images/products/1/6061/377321389/d92a3f1e8e2333d5ab31093d8c191a35-700x700.jpg,https://static-ru.insales.ru/images/products/1/6065/377321393/55860e44954a935257327c8c22cf4f4a-700x700.jpg,https://static-ru.insales.ru/images/products/1/6068/377321396/85bae707268d0e24150ba2f0356d22b5-700x700.jpg,"","","","","","","",Производитель,CRKT,Длина клинка,98 мм,Материал рукояти,Чёрный G10,Общая длина,235 мм,Толщина клинка,"3,4 мм",Обработка клинка,Титановое покрытие,Фиксатор клинка,замок Liner-Lock,,,,,,,,,,,,,,,,,,,,,,,,
216407486,en_US,Автоматический нож Boker Plus 01BO950 Kihon Auto Stonewash,"",NEW,5170.0,https://static-ru.insales.ru/images/products/1/5814/377321142/ec93993113f3acb38b7987d477201ad0-700x700.jpg,https://static-ru.insales.ru/images/products/1/5821/377321149/9d36ecb1d3b13c02d1078a2e40d735e2-700x700.jpg,"","","","","","","","",Производитель,Boker,Длина клинка,80 мм,Материал рукояти,Алюминий,Общая длина,195 мм,Толщина клинка,"2,9 мм",Обработка клинка,Stonewash,Фиксатор клинка,замок Button-Lock,,,,,,,,,,,,,,,,,,,,,,,,
216407785,en_US,Выкидной нож Pro-Tech Cambria Flipper Proto,"<p><span>Производитель: Pro-Tech СШАСтрана изготовитель: США<br />Общая длина: 19,7 см.<br />Длина клинка: 8,9 см.<br />Толщина клинка: 3,3 мм.<br />Материал клинка: 154CM ( 59-61 HRc ), обработка StoneWash<br />Форма клинка: Drop Point<br />Система открытия: ручная<br />Тип замка: Button Lock<br />Длина рукояти: 10,8 см.<br />Толщина рукояти: 1,2 см.<br />Материал рукояти: авиационный алюминий<br />Материал вставки: клён Maple<br />Вес: 94,4 гр.<br />Металлическая клипса: для праворуких, кончиком вверх</span></p>",NEW,29030.0,https://static-ru.insales.ru/images/products/1/6434/377321762/6006c06dab04c8145797261c137acb63-700x700.jpg,https://static-ru.insales.ru/images/products/1/6442/377321770/204d2c8467cbd96c32ee238396b122fd-700x700.jpg,https://static-ru.insales.ru/images/products/1/6445/377321773/b277ababefea409329d7e2388fba8e67-700x700.jpg,https://static-ru.insales.ru/images/products/1/6448/377321776/88bb5a7155eefe037f1858067438cead-700x700.jpg,https://static-ru.insales.ru/images/products/1/6453/377321781/19b0a780cdf38f786996eb302c1888ee-700x700.jpg,https://static-ru.insales.ru/images/products/1/6459/377321787/faae11e8a1d69ef96acc4dedac0d4791-700x700.jpg,https://static-ru.insales.ru/images/products/1/6465/377321793/01b5e9698ef75d3170a71b1c90d0e4b9-700x700.jpg,"","","",Производитель,Pro-Tech,Длина клинка,89 мм,Материал рукояти,"Алюминий, кап клёна",Общая длина,197 мм,Толщина клинка,"3,3 мм",Фирма производитель,Pro-Tech,Страна,США,Вес,94 гр,Обработка клинка,Stonewash,Фиксатор клинка,замок Button-Lock,,,,,,,,,,,,,,,,,,
216407783,en_US,Выкидной нож автоматический Pro-Tech GODSON 721SF,"<p><span style=""font-size: 14pt;"">Производитель: Pro-Tech СШАGodson. Ожидаемаяуменьшенная версия популярного автоматического ножа Godfather.Итальянское вдохновение и американские инновации создали еще одинпревосходный автоматический нож. Как и оригинальный Godfather, Godsonбудет выпускаться в самых разных вариантах и с использованиемразнообразных материалов. <br />Общая длина: 19,20 см<br />Длина клинка: 8 см<br />Вес: 89,60 г.""</span></p>",NEW,19480.0,https://static-ru.insales.ru/images/products/1/6429/377321757/3d2373ea66b2bcb97548c383702c79bd-700x700.jpg,"","","","","","","","","",Производитель,Pro-Tech,,,,,,,,,,,,,,,,,,,,,,,,,,,,,,,,,,,,
216407280,en_US,"Складной нож Ласка-Б, ХВ5 алмазка, черный граб","",NEW,5200.0,https://static-ru.insales.ru/images/products/1/5367/377320695/laska_b_almaska_fursach_1-700x700.JPG,https://static-ru.insales.ru/images/products/1/5373/377320701/laska_b_almaska_fursach_3-700x700.JPG,https://static-ru.insales.ru/images/products/1/5376/377320704/laska_b_almaska_fursach_2-700x700.JPG,https://static-ru.insales.ru/images/products/1/5378/377320706/laska_b_almaska_fursach_4-700x700.JPG,https://static-ru.insales.ru/images/products/1/5385/377320713/laska-m_damask_fursach_5-700x700.JPG,"","","","","",Артикул Поставщика,"Складной нож Ласка-Б, ХВ5 алмазка, черный граб",Твердость стали по HRC,64,Длина рукояти,120,Длина клинка,105,Марка стали,ХВ5 алмазка,Материал рукояти,черный граб,Общая длина,225,Толщина клинка,2.7- 2.9,Чехол,натуральная кожа,Фирма производитель,Фурсач А.А.,Страна,Россия,Ширина,23,Тип,Нож туристический,Конструкция,Травмобезопасная,,,,,,,,,,
216407705,en_US,Автоматический нож Boker 06EX211 Lhotak Falcon,"<p><span>Производитель: Boker Германия</span></p> <p><span>Страна изготовитель: Тайвань<br />Нож с автоматическим открытием/закрытием клинка<br />Общая длина: 21,0 см.<br />Длина клинка: 8,5 см.<br />Толщина клинка: 3,0 мм<br />Вес: 98 гр<br />Материал лезвия: 440C 58 HRC<br />Материал рукоятки: Алюминий<br />Тип: OTF Out of the Front<br />Дизайнер: Raimund Lhotak</span></p>",NEW,8990.0,https://static-ru.insales.ru/images/products/1/6305/377321633/0a48bb0987abb4ae5b336f741ad3a99e-700x700.jpg,https://static-ru.insales.ru/images/products/1/6310/377321638/0cc4694a380dfd7b3444fa5baf56a5e7-700x700.jpg,https://static-ru.insales.ru/images/products/1/6313/377321641/62d8e32aea2f6e0cc15341ca5920da32-700x700.jpg,https://static-ru.insales.ru/images/products/1/6320/377321648/ecb37a9583e51c13de4d3e7e00749e82-700x700.jpg,https://static-ru.insales.ru/images/products/1/6324/377321652/6d11d05ad98993c951007a8d9ee27fd0-700x700.jpg,https://static-ru.insales.ru/images/products/1/6326/377321654/1ce3b2cebf4715217fc52f8812b988e4-700x700.jpg,"","","","",Производитель,Boker,Длина клинка,85 мм,Материал рукояти,Алюминий,Общая длина,210 мм,Толщина клинка,"3,0 мм",Фирма производитель,Boker Plus,Вес,98 гр,Обработка клинка,Two-tone finish,Фиксатор клинка,замок Out-the-Front Double Auto,Дизайн,Raimund Lhotak,,,,,,,,,,,,,,,,,,
216407347,en_US,"Нож складной с фиксатором Снайпер, сталь 95х18, венге, Медтех","<p style=""box-sizing: border-box; margin: 0px 0px 15px; padding: 0px; font-family: blisspro-regular; font-size: 14px;"">&nbsp;</p> <p style=""box-sizing: border-box; margin: 0px 0px 15px; padding: 0px; font-family: blisspro-regular; font-size: 14px;""><span style=""font-family: arial, helvetica, sans-serif; color: #000000; font-size: 14pt;"">Нож выкидной из стали с рукоятью из эбенового дерева. Полуавтоматический нож с боковым выбросом клинка. Клинок копьевидной формы с односторонней заточкой. </span></p> <p style=""box-sizing: border-box; margin: 0px 0px 15px; padding: 0px; font-family: blisspro-regular; font-size: 14px;""><span style=""font-family: arial, helvetica, sans-serif; color: #000000; font-size: 14pt;"">Характеристики:</span></p> <div><span style=""font-size: 14pt;""><span style=""font-family: arial, helvetica, sans-serif; color: #000000;"">Производитель:<span style=""white-space: pre;""> </span>Медтех</span></span></div> <div><span style=""font-size: 14pt;""><span style=""font-family: arial, helvetica, sans-serif; color: #000000;"">Марка стали:<span style=""white-space: pre;""> </span></span><span style=""color: #000000; font-family: arial, helvetica, sans-serif; white-space: pre;"">95х18</span></span></div> <div><span style=""font-size: 14pt;""><span style=""font-family: arial, helvetica, sans-serif; color: #000000;"">Тип ножа:<span style=""white-space: pre;""> </span>Выкидной нож</span></span></div> <div><span style=""font-size: 14pt;""><span style=""font-family: arial, helvetica, sans-serif; color: #000000;"">Общая длина (мм)<span style=""white-space: pre;""> </span>200</span></span></div> <div><span style=""font-size: 14pt;""><span style=""font-family: arial, helvetica, sans-serif; color: #000000;"">Длина клинка (мм)<span style=""white-space: pre;""> </span>80</span></span></div> <div><span style=""font-size: 14pt;""><span style=""font-family: arial, helvetica, sans-serif; color: #000000;"">Материал рукояти:<span style=""white-space: pre;""> </span>венге</span></span></div> <div><span style=""font-size: 14pt;""><span style=""font-family: arial, helvetica, sans-serif; color: #000000;"">Чехол: нет</span></span></div>",NEW,3500.0,https://static-ru.insales.ru/images/products/1/5148/491852828/b9ec9c18a295acd2181cd170a78d7c12-700x700.jpg,https://static-ru.insales.ru/images/products/1/5142/491852822/34a1819d85edb79286719e3c05590fbd-700x700.jpg,https://static-ru.insales.ru/images/products/1/5143/491852823/73c7a0b9bd0534ed95916e3e4cedcb8a-700x700.jpg,https://static-ru.insales.ru/images/products/1/5144/491852824/787b15a91c3067926b390bf1b810fbc4-700x700.jpg,https://static-ru.insales.ru/images/products/1/5145/491852825/52832bb44272685b4adbb78800f6e3cb-700x700.jpg,"","","","","",Артикул Поставщика,Снайпер,Твердость стали по HRC,56-58,Длина клинка,8,Марка стали,95Х18,Материал рукояти,венге,Общая длина,200,Чехол,нет,Фирма производитель,МедТех,Тип,Нож туристический,,,,,,,,,,,,,,,,,,,,
216407374,en_US,Автоматический нож 01MB278 Magnum by Boker Sicilian Needle Dark Wood Stiletto,"",NEW,2870.0,https://static-ru.insales.ru/images/products/1/5573/377320901/b-boker_01mb278_sicilian_needle_dark-700x700.jpg,https://static-ru.insales.ru/images/products/1/5578/377320906/fc3009a9c1e799997ad31ced0720e241-700x700.jpg,"","","","","","","","",Производитель,Boker,Длина клинка,82 мм,Материал рукояти,"Ламинированная древесина, не",Общая длина,194 мм,Толщина клинка,"2,7 мм",Обработка клинка,Satin finish,Фиксатор клинка,замок Liner-Lock,,,,,,,,,,,,,,,,,,,,,,,,
216407527,en_US,Складной нож Cold Steel 23JD Double Safe Hunter,<p><span>Общая длина (мм): 213</span><br /><span>Длина клинка (мм): 89</span><br /><span>Толщина обуха (мм): 3</span><br /><span>Марка стали: 8Cr13MoV</span><br /><span>Тип обработки клинка: Satin</span><br /><span>Длина рукояти (мм): 124</span><br /><span>Материал рукояти: Полимер GFN</span><br /><span>Тип замка: Back-Lock</span><br /><span>Вес (гр): 116</span><br /><span>Материал клипсы: пластик</span><br /><span>Компания производитель: Cold Steel (USA)</span><br /><br /></p>,NEW,3950.0,https://static-ru.insales.ru/images/products/1/2005/491407317/cold-steel-23jb-double-safe-hunter-orange_enl.jpg,https://static-ru.insales.ru/images/products/1/2006/491407318/cold-steel-23jb-double-safe-hunter-orange-1_enl.jpg,https://static-ru.insales.ru/images/products/1/2007/491407319/cold-steel-23jb-double-safe-hunter-orange-2_enl.jpg,https://static-ru.insales.ru/images/products/1/2008/491407320/cold-steel-23jb-double-safe-hunter-orange-3_enl.jpg,https://static-ru.insales.ru/images/products/1/2009/491407321/cold-steel-23jb-double-safe-hunter-orange-4_enl.jpg,"","","","","",Производитель,Cold Steel,Длина клинка,89 мм,Материал рукояти,Glass Filled Nylon,Общая длина,213 мм,Толщина клинка,"3,0 мм",Обработка клинка,Satin finish,Фиксатор клинка,замок Tri-Ad-Lock,,,,,,,,,,,,,,,,,,,,,,,,
216407647,en_US,Складной нож Cold Steel 27BC Recon 1 Clip,"<p><span>Общая длина: 238 мм</span><br /><span>Длина клинка: 102 мм</span><br /><span>Длина в сложенном виде: 136 мм</span><br /><span>Толщина клинка: 3,5 мм</span><br /><span>Материал клинка: Сталь S35VN</span><br /><span>Твёрдость: 58-59 HRC</span><br /><span>Обработка клинка: DLC (Diamond-Like Coating)</span><br /><span>Фиксация клинка: замок Tri-Ad-Lock (Трай-эд-Лок)</span><br /><span>Материал рукоятки: Чёрный текстурированный G10</span><br /><span>Вес ножа: 150 гр</span><br /><span>Металлическая клипса</span><br /><span>Отверстие в рукояти под темляк</span></p>",NEW,15270.0,https://static-ru.insales.ru/images/products/1/6168/377321496/860fc8e535f91dd8450e4e3198d37f61-700x700.jpg,https://static-ru.insales.ru/images/products/1/6172/377321500/69796b5b33ac97ec1ce553995482eca8-700x700.jpg,https://static-ru.insales.ru/images/products/1/1088/452068416/5120ec9dc267fe455ec3b0ec70f0193d.jpg,https://static-ru.insales.ru/images/products/1/1089/452068417/40983d44b61bd371ea9fd51b82e45774.jpeg,"","","","","","",Производитель,Cold Steel,Длина клинка,102 мм,Материал рукояти,Чёрный G10,Общая длина,238 мм,Толщина клинка,"3,5 мм",Обработка клинка,DLC,Фиксатор клинка,замок Tri-Ad-Lock,,,,,,,,,,,,,,,,,,,,,,,,
